Workbook

Sheet Rendimiento_Promedio_Comparació
B3: Comparación de Rendimiento Promedio entre computadoras (Fork) | J3: Comparación de Rendimiento Promedio entre computadoras (Posix) | R3: Comparación de Rendimiento Promedio entre computadoras (OpenMP)
B6: Computadora de Prueba | E6: PC 1 | F6: PC 2 | G6: PC 3 | H6: PC 4 | J6: Computadora de Prueba | M6: PC 1 | N6: PC 2 | O6: PC 3 | P6: PC 4 | R6: Computadora de Prueba | U6: PC 1 | V6: PC 2 | W6: PC 3 | X6: PC 4
B7: mmClasicaFork (s) | C7: 1000 | D7: 1 | E7: =Rendimiento_PC_1!D8 -> 6.3652745 | F7: =Rendimiento_PC_2!D8 -> 3.5755694 | G7: =Rendimiento_PC_3!D8 -> 4.4296479 | H7: =Rendimiento_PC_4!D8 -> 7.4553247 | J7: mmClasicaPosix (s) | K7: 1000 | L7: 1 | M7: =Rendimiento_PC_1!D23 -> 6.3001464 | N7: =Rendimiento_PC_2!D23 -> 3.1785436 | O7: =Rendimiento_PC_3!D23 -> 4.3784989 | P7: =Rendimiento_PC_4!D23 -> 7.413243 | R7: mmClasicaOpenMP (s) | S7: 1000 | T7: 1 | U7: =Rendimiento_PC_1!D38 -> 3.1521945 | V7: =Rendimiento_PC_2!D38 -> 0.85255323 | W7: =Rendimiento_PC_3!D38 -> 1.735568 | X7: =Rendimiento_PC_4!D38 -> 3.200791
D8: 2 | E8: =Rendimiento_PC_1!D9 -> 2.9683764 | F8: =Rendimiento_PC_2!D9 -> 2.3235633 | G8: =Rendimiento_PC_3!D9 -> 2.1563045 | H8: =Rendimiento_PC_4!D9 -> 3.5844654 | L8: 2 | M8: =Rendimiento_PC_1!D24 -> 3.030908 | N8: =Rendimiento_PC_2!D24 -> 1.8945678 | O8: =Rendimiento_PC_3!D24 -> 2.1949989 | P8: =Rendimiento_PC_4!D24 -> 3.513457 | T8: 2 | U8: =Rendimiento_PC_1!D39 -> 1.5447374 | V8: =Rendimiento_PC_2!D39 -> 0.55631907 | W8: =Rendimiento_PC_3!D39 -> 0.861166 | X8: =Rendimiento_PC_4!D39 -> 1.567099
D9: 4 | E9: =Rendimiento_PC_1!D10 -> 1.3426279 | F9: =Rendimiento_PC_2!D10 -> 1.5455961 | G9: =Rendimiento_PC_3!D10 -> 1.019896 | H9: =Rendimiento_PC_4!D10 -> 1.6352786 | L9: 4 | M9: =Rendimiento_PC_1!D25 -> 1.3686748 | N9: =Rendimiento_PC_2!D25 -> 1.2581265 | O9: =Rendimiento_PC_3!D25 -> 1.0250663 | P9: =Rendimiento_PC_4!D25 -> 1.666968 | T9: 4 | U9: =Rendimiento_PC_1!D40 -> 0.7526897 | V9: =Rendimiento_PC_2!D40 -> 0.4028276 | W9: =Rendimiento_PC_3!D40 -> 0.458044 | X9: =Rendimiento_PC_4!D40 -> 0.707923
D10: 8 | E10: =Rendimiento_PC_1!D11 -> 1.2998355 | F10: =Rendimiento_PC_2!D11 -> 0.9775389 | G10: =Rendimiento_PC_3!D11 -> 1.0115513 | H10: =Rendimiento_PC_4!D11 -> 1.8622389 | L10: 8 | M10: =Rendimiento_PC_1!D26 -> 1.3535814 | N10: =Rendimiento_PC_2!D26 -> 0.9482432 | O10: =Rendimiento_PC_3!D26 -> 0.99683217 | P10: =Rendimiento_PC_4!D26 -> 1.930338 | T10: 8 | U10: =Rendimiento_PC_1!D41 -> 0.72828893 | V10: =Rendimiento_PC_2!D41 -> 0.39467367 | W10: =Rendimiento_PC_3!D41 -> 0.432278 | X10: =Rendimiento_PC_4!D41 -> 1.161581
D11: 16 | E11: =Rendimiento_PC_1!D12 -> 1.3095806 | F11: =Rendimiento_PC_2!D12 -> 0.9014237 | G11: =Rendimiento_PC_3!D12 -> 1.0302299 | H11: =Rendimiento_PC_4!D12 -> 1.7101013 | L11: 16 | M11: =Rendimiento_PC_1!D27 -> 1.350206 | N11: =Rendimiento_PC_2!D27 -> 0.90739907 | O11: =Rendimiento_PC_3!D27 -> 0.98947897 | P11: =Rendimiento_PC_4!D27 -> 1.674198 | T11: 16 | U11: =Rendimiento_PC_1!D42 -> 0.7234354 | V11: =Rendimiento_PC_2!D42 -> 0.39026837 | W11: =Rendimiento_PC_3!D42 -> 0.370895 | X11: =Rendimiento_PC_4!D42 -> 1.052786
C12: 2000 | D12: 1 | E12: =Rendimiento_PC_1!D13 -> 74.927575 | F12: =Rendimiento_PC_2!D13 -> 29.572015 | G12: =Rendimiento_PC_3!D13 -> 48.328844 | H12: =Rendimiento_PC_4!D13 -> 85.013687 | K12: 2000 | L12: 1 | M12: =Rendimiento_PC_1!D28 -> 81.23123 | N12: =Rendimiento_PC_2!D28 -> 29.215939 | O12: =Rendimiento_PC_3!D28 -> 49.615454 | P12: =Rendimiento_PC_4!D28 -> 85.232048 | S12: 2000 | T12: 1 | U12: =Rendimiento_PC_1!D43 -> 66.743969 | V12: =Rendimiento_PC_2!D43 -> 11.179702 | W12: =Rendimiento_PC_3!D43 -> 40.393593 | X12: =Rendimiento_PC_4!D43 -> 52.240741
D13: 2 | E13: =Rendimiento_PC_1!D14 -> 39.319343 | F13: =Rendimiento_PC_2!D14 -> 17.681684 | G13: =Rendimiento_PC_3!D14 -> 24.904403 | H13: =Rendimiento_PC_4!D14 -> 38.241326 | L13: 2 | M13: =Rendimiento_PC_1!D29 -> 40.846752 | N13: =Rendimiento_PC_2!D29 -> 17.347332 | O13: =Rendimiento_PC_3!D29 -> 25.284004 | P13: =Rendimiento_PC_4!D29 -> 39.443482 | T13: 2 | U13: =Rendimiento_PC_1!D44 -> 34.838502 | V13: =Rendimiento_PC_2!D44 -> 7.131837 | W13: =Rendimiento_PC_3!D44 -> 20.890931 | X13: =Rendimiento_PC_4!D44 -> 25.877792
D14: 4 | E14: =Rendimiento_PC_1!D15 -> 19.664425 | F14: =Rendimiento_PC_2!D15 -> 11.737817 | G14: =Rendimiento_PC_3!D15 -> 12.400948 | H14: =Rendimiento_PC_4!D15 -> 16.38883 | L14: 4 | M14: =Rendimiento_PC_1!D30 -> 19.952039 | N14: =Rendimiento_PC_2!D30 -> 11.567781 | O14: =Rendimiento_PC_3!D30 -> 12.308007 | P14: =Rendimiento_PC_4!D30 -> 16.154829 | T14: 4 | U14: =Rendimiento_PC_1!D45 -> 17.170474 | V14: =Rendimiento_PC_2!D45 -> 4.8582227 | W14: =Rendimiento_PC_3!D45 -> 10.096516 | X14: =Rendimiento_PC_4!D45 -> 10.005186
D15: 8 | E15: =Rendimiento_PC_1!D16 -> 18.234213 | F15: =Rendimiento_PC_2!D16 -> 9.4147947 | G15: =Rendimiento_PC_3!D16 -> 11.578498 | H15: =Rendimiento_PC_4!D16 -> 22.328791 | L15: 8 | M15: =Rendimiento_PC_1!D31 -> 18.08505 | N15: =Rendimiento_PC_2!D31 -> 9.1983194 | O15: =Rendimiento_PC_3!D31 -> 11.396806 | P15: =Rendimiento_PC_4!D31 -> 21.340121 | T15: 8 | U15: =Rendimiento_PC_1!D46 -> 17.092134 | V15: =Rendimiento_PC_2!D46 -> 4.7284991 | W15: =Rendimiento_PC_3!D46 -> 9.824346 | X15: =Rendimiento_PC_4!D46 -> 22.242482
D16: 16 | E16: =Rendimiento_PC_1!D17 -> 18.246216 | F16: =Rendimiento_PC_2!D17 -> 10.330923 | G16: =Rendimiento_PC_3!D17 -> 11.460496 | H16: =Rendimiento_PC_4!D17 -> 21.576659 | L16: 16 | M16: =Rendimiento_PC_1!D32 -> 18.185675 | N16: =Rendimiento_PC_2!D32 -> 9.9061937 | O16: =Rendimiento_PC_3!D32 -> 11.130576 | P16: =Rendimiento_PC_4!D32 -> 20.584149 | T16: 16 | U16: =Rendimiento_PC_1!D47 -> 16.821455 | V16: =Rendimiento_PC_2!D47 -> 6.9262384 | W16: =Rendimiento_PC_3!D47 -> 9.065475 | X16: =Rendimiento_PC_4!D47 -> 22.836286
C17: 4000 | D17: 1 | E17: =Rendimiento_PC_1!D18 -> 889.82581 | F17: =Rendimiento_PC_2!D18 -> 253.53119 | G17: =Rendimiento_PC_3!D18 -> 663.00071 | H17: =Rendimiento_PC_4!D18 -> 966.4804 | K17: 4000 | L17: 1 | M17: =Rendimiento_PC_1!D33 -> 885.3836 | N17: =Rendimiento_PC_2!D33 -> 263.37017 | O17: =Rendimiento_PC_3!D33 -> 674.78324 | P17: =Rendimiento_PC_4!D33 -> 1025.9182 | S17: 4000 | T17: 1 | U17: =Rendimiento_PC_1!D48 -> 743.95393 | V17: =Rendimiento_PC_2!D48 -> 194.2735 | W17: =Rendimiento_PC_3!D48 -> 649.56256 | X17: =Rendimiento_PC_4!D48 -> 898.29678
D18: 2 | E18: =Rendimiento_PC_1!D19 -> 440.0283 | F18: =Rendimiento_PC_2!D19 -> 155.10739 | G18: =Rendimiento_PC_3!D19 -> 330.03593 | H18: =Rendimiento_PC_4!D19 -> 398.54521 | L18: 2 | M18: =Rendimiento_PC_1!D34 -> 441.22234 | N18: =Rendimiento_PC_2!D34 -> 155.23923 | O18: =Rendimiento_PC_3!D34 -> 335.44528 | P18: =Rendimiento_PC_4!D34 -> 433.64635 | T18: 2 | U18: =Rendimiento_PC_1!D49 -> 383.72532 | V18: =Rendimiento_PC_2!D49 -> 118.13 | W18: =Rendimiento_PC_3!D49 -> 319.05141 | X18: =Rendimiento_PC_4!D49 -> 460.25464
D19: 4 | E19: =Rendimiento_PC_1!D20 -> 225.93884 | F19: =Rendimiento_PC_2!D20 -> 106.07217 | G19: =Rendimiento_PC_3!D20 -> 161.7735 | H19: =Rendimiento_PC_4!D20 -> 190.59681 | L19: 4 | M19: =Rendimiento_PC_1!D35 -> 231.48738 | N19: =Rendimiento_PC_2!D35 -> 106.03231 | O19: =Rendimiento_PC_3!D35 -> 165.56758 | P19: =Rendimiento_PC_4!D35 -> 203.74315 | T19: 4 | U19: =Rendimiento_PC_1!D50 -> 196.26986 | V19: =Rendimiento_PC_2!D50 -> 83.233264 | W19: =Rendimiento_PC_3!D50 -> 155.84288 | X19: =Rendimiento_PC_4!D50 -> 217.25084
D20: 8 | E20: =Rendimiento_PC_1!D21 -> 221.1494 | F20: =Rendimiento_PC_2!D21 -> 109.55279 | G20: =Rendimiento_PC_3!D21 -> 159.41807 | H20: =Rendimiento_PC_4!D21 -> 232.58224 | L20: 8 | M20: =Rendimiento_PC_1!D36 -> 218.15663 | N20: =Rendimiento_PC_2!D36 -> 105.74211 | O20: =Rendimiento_PC_3!D36 -> 158.1208 | P20: =Rendimiento_PC_4!D36 -> 217.51367 | T20: 8 | U20: =Rendimiento_PC_1!D51 -> 200.54497 | V20: =Rendimiento_PC_2!D51 -> 81.244809 | W20: =Rendimiento_PC_3!D51 -> 157.0811 | X20: =Rendimiento_PC_4!D51 -> 249.07636
D21: 16 | E21: =Rendimiento_PC_1!D22 -> 233.26549 | F21: =Rendimiento_PC_2!D22 -> 109.47244 | G21: =Rendimiento_PC_3!D22 -> 162.29786 | H21: =Rendimiento_PC_4!D22 -> 268.32843 | L21: 16 | M21: =Rendimiento_PC_1!D37 -> 220.22913 | N21: =Rendimiento_PC_2!D37 -> 99.094983 | O21: =Rendimiento_PC_3!D37 -> 159.46165 | P21: =Rendimiento_PC_4!D37 -> 250.49819 | T21: 16 | U21: =Rendimiento_PC_1!D52 -> 190.33952 | V21: =Rendimiento_PC_2!D52 -> 84.494165 | W21: =Rendimiento_PC_3!D52 -> 166.22891 | X21: =Rendimiento_PC_4!D52 -> 269.26137

Sheet Rendimiento_PC_1
B4: Calculo de Rendimiento Promedio con Matrices e hilos definidos en segundos | F4: PC 1
B7: Matrices | C7: Hilos | D7: Promedio | E7: Iter1 | F7: Iter2 | G7: Iter3 | H7: Iter4 | I7: Iter5 | J7: Iter6 | K7: Iter7 | L7: Iter8 | M7: Iter9 | N7: Iter10 | O7: Iter11 | P7: Iter12 | Q7: Iter13 | R7: Iter14 | S7: Iter15 | T7: Iter16 | U7: Iter17 | V7: Iter18 | W7: Iter19 | X7: Iter20 | Y7: Iter21 | Z7: Iter22 | AA7: Iter23 | AB7: Iter24 | AC7: Iter25 | AD7: Iter26 | AE7: Iter27 | AF7: Iter28 | AG7: Iter29 | AH7: Iter30
A8: mmClasicaFork (s) | B8: 1000 | C8: 1 | D8: =AVERAGE(E8:AH8) -> 6.3652745 | E8: 6.639305 | F8: 6.651617 | G8: 6.650489 | H8: 6.559103 | I8: 6.666126 | J8: 6.328418 | K8: 6.658221 | L8: 6.21079 | M8: 6.585593 | N8: 6.32753 | O8: 6.32666 | P8: 6.581004 | Q8: 6.604913 | R8: 6.401733 | S8: 6.340262 | T8: 6.026471 | U8: 6.132151 | V8: 6.528703 | W8: 5.997535 | X8: 6.157306 | Y8: 5.799442 | Z8: 6.248419 | AA8: 6.280389 | AB8: 6.319613 | AC8: 6.244657 | AD8: 6.287627 | AE8: 6.29163 | AF8: 6.630345 | AG8: 6.241091 | AH8: 6.241091
C9: 2 | D9: =AVERAGE(E9:AH9) -> 2.9683764 | E9: 2.892111 | F9: 3.028039 | G9: 3.068453 | H9: 2.952592 | I9: 2.883954 | J9: 2.953457 | K9: 2.844942 | L9: 2.858745 | M9: 3.022191 | N9: 3.071166 | O9: 2.971138 | P9: 2.939551 | Q9: 2.987081 | R9: 3.157419 | S9: 3.013372 | T9: 2.964124 | U9: 2.912848 | V9: 3.031137 | W9: 2.841536 | X9: 3.057512 | Y9: 2.869283 | Z9: 2.881278 | AA9: 2.881069 | AB9: 3.127584 | AC9: 2.884819 | AD9: 2.854312 | AE9: 2.757823 | AF9: 3.164969 | AG9: 3.089394 | AH9: 3.089394
C10: 4 | D10: =AVERAGE(E10:AH10) -> 1.3426279 | E10: 1.296821 | F10: 1.339598 | G10: 1.309256 | H10: 1.334779 | I10: 1.340275 | J10: 1.323571 | K10: 1.310807 | L10: 1.369966 | M10: 1.304573 | N10: 1.466128 | O10: 1.500699 | P10: 1.401587 | Q10: 1.457093 | R10: 1.377226 | S10: 1.370328 | T10: 1.284094 | U10: 1.278649 | V10: 1.349705 | W10: 1.381922 | X10: 1.322578 | Y10: 1.270948 | Z10: 1.314109 | AA10: 1.284627 | AB10: 1.331088 | AC10: 1.247996 | AD10: 1.355748 | AE10: 1.325866 | AF10: 1.365854 | AG10: 1.331473 | AH10: 1.331473
C11: 8 | D11: =AVERAGE(E11:AH11) -> 1.2998355 | E11: 1.290555 | F11: 1.276095 | G11: 1.310225 | H11: 1.263006 | I11: 1.261854 | J11: 1.266532 | K11: 1.277827 | L11: 1.278367 | M11: 1.269839 | N11: 1.284428 | O11: 1.307213 | P11: 1.356263 | Q11: 1.335615 | R11: 1.285225 | S11: 1.254032 | T11: 1.299665 | U11: 1.258122 | V11: 1.279826 | W11: 1.345187 | X11: 1.289532 | Y11: 1.312882 | Z11: 1.302041 | AA11: 1.306351 | AB11: 1.326673 | AC11: 1.309685 | AD11: 1.308585 | AE11: 1.301962 | AF11: 1.369269 | AG11: 1.334104 | AH11: 1.334104
C12: 16 | D12: =AVERAGE(E12:AH12) -> 1.3095806 | E12: 1.295101 | F12: 1.279492 | G12: 1.389796 | H12: 1.281345 | I12: 1.332778 | J12: 1.326623 | K12: 1.315689 | L12: 1.276597 | M12: 1.281577 | N12: 1.297151 | O12: 1.305898 | P12: 1.288699 | Q12: 1.355923 | R12: 1.329656 | S12: 1.321615 | T12: 1.366365 | U12: 1.337862 | V12: 1.270439 | W12: 1.250059 | X12: 1.32065 | Y12: 1.334699 | Z12: 1.347482 | AA12: 1.261842 | AB12: 1.278558 | AC12: 1.35128 | AD12: 1.327658 | AE12: 1.340952 | AF12: 1.268485 | AG12: 1.276573 | AH12: 1.276573
B13: 2000 | C13: 1 | D13: =AVERAGE(E13:AH13) -> 74.927575 | E13: 72.016524 | F13: 75.234345 | G13: 73.580496 | H13: 73.640756 | I13: 73.209385 | J13: 72.4817 | K13: 74.562429 | L13: 73.074545 | M13: 75.397007 | N13: 76.262184 | O13: 74.535597 | P13: 74.522287 | Q13: 74.061614 | R13: 77.172762 | S13: 77.132754 | T13: 74.277893 | U13: 74.67193 | V13: 75.53648 | W13: 75.562222 | X13: 75.400165 | Y13: 75.91765 | Z13: 75.092878 | AA13: 75.646001 | AB13: 76.569371 | AC13: 76.014608 | AD13: 74.288378 | AE13: 74.933862 | AF13: 76.760319 | AG13: 75.13556 | AH13: 75.13556
C14: 2 | D14: =AVERAGE(E14:AH14) -> 39.319343 | E14: 38.257738 | F14: 37.844461 | G14: 37.31053 | H14: 36.731234 | I14: 36.703681 | J14: 36.694478 | K14: 36.861752 | L14: 36.811546 | M14: 36.893185 | N14: 37.633714 | O14: 38.346405 | P14: 38.928755 | Q14: 39.389047 | R14: 41.452784 | S14: 40.640784 | T14: 41.445627 | U14: 41.349828 | V14: 42.218983 | W14: 41.754226 | X14: 42.267232 | Y14: 40.720598 | Z14: 40.458034 | AA14: 40.103623 | AB14: 39.713116 | AC14: 39.677365 | AD14: 39.818651 | AE14: 39.539561 | AF14: 39.959243 | AG14: 40.027056 | AH14: 40.027056
C15: 4 | D15: =AVERAGE(E15:AH15) -> 19.664425 | E15: 19.434623 | F15: 19.597696 | G15: 19.544825 | H15: 19.539624 | I15: 19.747075 | J15: 19.666749 | K15: 19.739992 | L15: 19.608809 | M15: 19.710333 | N15: 19.655846 | O15: 19.453158 | P15: 19.491865 | Q15: 19.778605 | R15: 20.18954 | S15: 19.879211 | T15: 21.191439 | U15: 19.57482 | V15: 19.366398 | W15: 19.124593 | X15: 19.320011 | Y15: 19.30756 | Z15: 19.77461 | AA15: 19.695321 | AB15: 19.303097 | AC15: 19.877552 | AD15: 19.363056 | AE15: 19.707341 | AF15: 19.513671 | AG15: 19.887662 | AH15: 19.887662
C16: 8 | D16: =AVERAGE(E16:AH16) -> 18.234213 | E16: 17.848485 | F16: 18.117426 | G16: 18.486113 | H16: 18.321895 | I16: 18.260046 | J16: 18.543008 | K16: 18.54956 | L16: 18.694183 | M16: 18.181623 | N16: 18.297472 | O16: 18.468652 | P16: 18.561289 | Q16: 19.061351 | R16: 18.429178 | S16: 18.249103 | T16: 18.479971 | U16: 18.110546 | V16: 18.289841 | W16: 18.227077 | X16: 17.771145 | Y16: 18.130248 | Z16: 18.468606 | AA16: 18.029897 | AB16: 18.070754 | AC16: 17.970503 | AD16: 17.904706 | AE16: 18.033294 | AF16: 17.997959 | AG16: 17.736227 | AH16: 17.736227
C17: 16 | D17: =AVERAGE(E17:AH17) -> 18.246216 | E17: 17.499913 | F17: 17.662398 | G17: 17.954524 | H17: 19.535299 | I17: 18.108496 | J17: 18.20771 | K17: 18.057557 | L17: 18.103485 | M17: 18.764905 | N17: 17.902319 | O17: 17.808252 | P17: 18.809426 | Q17: 17.703299 | R17: 17.825938 | S17: 17.944592 | T17: 17.830773 | U17: 18.182361 | V17: 17.926443 | W17: 18.023217 | X17: 18.414727 | Y17: 18.132648 | Z17: 18.144396 | AA17: 18.0979 | AB17: 18.797701 | AC17: 19.027056 | AD17: 18.580302 | AE17: 18.734055 | AF17: 18.95028 | AG17: 18.32826 | AH17: 18.32826
B18: 4000 | C18: 1 | D18: =AVERAGE(E18:AH18) -> 889.82581 | E18: 834.32917 | F18: 838.22754 | G18: 909.85921 | H18: 921.05292 | I18: 892.23179 | J18: 848.13172 | K18: 867.98664 | L18: 863.47577 | M18: 890.38016 | N18: 914.82118 | O18: 901.69055 | P18: 895.45916 | Q18: 905.78466 | R18: 895.87156 | S18: 936.86569 | T18: 903.22733 | U18: 925.97803 | V18: 874.93197 | W18: 874.18389 | X18: 891.59797 | Y18: 906.57632 | Z18: 915.50062 | AA18: 892.60371 | AB18: 872.23896 | AC18: 876.75226 | AD18: 883.99367 | AE18: 886.26756 | AF18: 904.45326 | AG18: 885.15055 | AH18: 885.15055
C19: 2 | D19: =AVERAGE(E19:AH19) -> 440.0283 | E19: 440.32615 | F19: 421.19004 | G19: 427.638 | H19: 439.35068 | I19: 449.38256 | J19: 439.42989 | K19: 453.62408 | L19: 462.42826 | M19: 436.24307 | N19: 448.37021 | O19: 439.0487 | P19: 441.40672 | Q19: 435.86885 | R19: 426.76551 | S19: 431.48576 | T19: 439.12145 | U19: 428.80757 | V19: 441.68076 | W19: 447.2975 | X19: 434.51848 | Y19: 436.4824 | Z19: 437.51821 | AA19: 446.1266 | AB19: 448.66241 | AC19: 456.21208 | AD19: 442.06785 | AE19: 452.05639 | AF19: 443.37045 | AG19: 427.18418 | AH19: 427.18418
C20: 4 | D20: =AVERAGE(E20:AH20) -> 225.93884 | E20: 225.70042 | F20: 227.9068 | G20: 220.06305 | H20: 230.57071 | I20: 224.54398 | J20: 224.78706 | K20: 227.53987 | L20: 215.63417 | M20: 222.99189 | N20: 224.77574 | O20: 217.78564 | P20: 228.28157 | Q20: 223.63641 | R20: 223.89947 | S20: 227.02351 | T20: 223.3519 | U20: 217.92664 | V20: 225.98026 | W20: 224.10279 | X20: 227.39907 | Y20: 235.08025 | Z20: 223.37089 | AA20: 236.94929 | AB20: 230.79371 | AC20: 222.35332 | AD20: 236.19383 | AE20: 230.72205 | AF20: 222.7797 | AG20: 228.01057 | AH20: 228.01057
C21: 8 | D21: =AVERAGE(E21:AH21) -> 221.1494 | E21: 217.88948 | F21: 222.60354 | G21: 224.42341 | H21: 237.95713 | I21: 225.21691 | J21: 224.11313 | K21: 221.16663 | L21: 227.22961 | M21: 224.46099 | N21: 214.08338 | O21: 214.31182 | P21: 215.42683 | Q21: 212.84096 | R21: 222.74031 | S21: 222.19443 | T21: 213.13581 | U21: 224.35542 | V21: 225.75769 | W21: 209.88651 | X21: 216.7931 | Y21: 229.96747 | Z21: 212.32198 | AA21: 219.95786 | AB21: 224.45511 | AC21: 215.48606 | AD21: 225.22706 | AE21: 225.20602 | AF21: 218.23918 | AG21: 223.51708 | AH21: 223.51708
C22: 16 | D22: =AVERAGE(E22:AH22) -> 233.26549 | E22: 242.62969 | F22: 239.59304 | G22: 237.99531 | H22: 233.80448 | I22: 236.90647 | J22: 230.42804 | K22: 233.01909 | L22: 233.79572 | M22: 233.59159 | N22: 245.19378 | O22: 228.79527 | P22: 231.76229 | Q22: 240.05407 | R22: 220.91893 | S22: 228.23066 | T22: 236.5268 | U22: 229.73924 | V22: 236.5031 | W22: 228.13931 | X22: 232.2016 | Y22: 238.47658 | Z22: 232.96949 | AA22: 228.03968 | AB22: 232.0479 | AC22: 232.62774 | AD22: 229.72344 | AE22: 230.55858 | AF22: 226.56796 | AG22: 233.56241 | AH22: 233.56241
A23: mmClasicaPosix (s) | B23: 1000 | C23: 1 | D23: =AVERAGE(E23:AH23) -> 6.3001464 | E23: 6.481076 | F23: 6.414348 | G23: 6.123118 | H23: 6.669699 | I23: 6.248455 | J23: 6.338654 | K23: 6.15698 | L23: 6.137825 | M23: 6.303497 | N23: 6.199342 | O23: 6.18262 | P23: 6.161657 | Q23: 6.176852 | R23: 6.576729 | S23: 6.580172 | T23: 6.406962 | U23: 6.499209 | V23: 6.268832 | W23: 6.351365 | X23: 6.154427 | Y23: 6.371752 | Z23: 6.261563 | AA23: 6.230946 | AB23: 6.184533 | AC23: 6.243758 | AD23: 6.270078 | AE23: 6.285808 | AF23: 6.192937 | AG23: 6.290108 | AH23: 6.241091
C24: 2 | D24: =AVERAGE(E24:AH24) -> 3.030908 | E24: 3.075408 | F24: 3.040584 | G24: 2.94528 | H24: 3.120741 | I24: 2.963897 | J24: 2.966941 | K24: 2.944338 | L24: 3.017495 | M24: 3.199823 | N24: 3.159499 | O24: 3.031387 | P24: 3.087309 | Q24: 3.011261 | R24: 2.986198 | S24: 3.295802 | T24: 2.914677 | U24: 3.024904 | V24: 3.056916 | W24: 2.923291 | X24: 2.921807 | Y24: 2.933185 | Z24: 3.231014 | AA24: 2.943756 | AB24: 3.095347 | AC24: 3.036243 | AD24: 2.962493 | AE24: 2.975707 | AF24: 3.009976 | AG24: 2.962567 | AH24: 3.089394
C25: 4 | D25: =AVERAGE(E25:AH25) -> 1.3686748 | E25: 1.324602 | F25: 1.328442 | G25: 1.455152 | H25: 1.431907 | I25: 1.390334 | J25: 1.420962 | K25: 1.337463 | L25: 1.336942 | M25: 1.412487 | N25: 1.374553 | O25: 1.378293 | P25: 1.324813 | Q25: 1.327901 | R25: 1.408315 | S25: 1.352259 | T25: 1.411983 | U25: 1.338402 | V25: 1.401679 | W25: 1.454948 | X25: 1.393486 | Y25: 1.324248 | Z25: 1.370942 | AA25: 1.418806 | AB25: 1.374555 | AC25: 1.307686 | AD25: 1.323898 | AE25: 1.342073 | AF25: 1.317188 | AG25: 1.344453 | AH25: 1.331473
C26: 8 | D26: =AVERAGE(E26:AH26) -> 1.3535814 | E26: 1.427533 | F26: 1.314563 | G26: 1.303905 | H26: 1.389169 | I26: 1.418195 | J26: 1.352541 | K26: 1.376014 | L26: 1.381714 | M26: 1.325612 | N26: 1.319304 | O26: 1.34819 | P26: 1.343034 | Q26: 1.347828 | R26: 1.354838 | S26: 1.306121 | T26: 1.360248 | U26: 1.351954 | V26: 1.308058 | W26: 1.330973 | X26: 1.316022 | Y26: 1.431725 | Z26: 1.34673 | AA26: 1.298341 | AB26: 1.36327 | AC26: 1.388823 | AD26: 1.346466 | AE26: 1.39933 | AF26: 1.390411 | AG26: 1.332425 | AH26: 1.334104
C27: 16 | D27: =AVERAGE(E27:AH27) -> 1.350206 | E27: 1.299745 | F27: 1.304502 | G27: 1.325791 | H27: 1.335306 | I27: 1.298583 | J27: 1.362171 | K27: 1.314017 | L27: 1.339797 | M27: 1.367317 | N27: 1.372071 | O27: 1.375983 | P27: 1.410215 | Q27: 1.315973 | R27: 1.353865 | S27: 1.328104 | T27: 1.367284 | U27: 1.313036 | V27: 1.314608 | W27: 1.361992 | X27: 1.412562 | Y27: 1.292501 | Z27: 1.386588 | AA27: 1.374719 | AB27: 1.340619 | AC27: 1.407759 | AD27: 1.438313 | AE27: 1.391512 | AF27: 1.393876 | AG27: 1.330797 | AH27: 1.276573
B28: 2000 | C28: 1 | D28: =AVERAGE(E28:AH28) -> 81.23123 | E28: 84.083809 | F28: 79.495473 | G28: 79.57148 | H28: 81.128298 | I28: 81.351762 | J28: 82.130783 | K28: 82.625369 | L28: 83.289511 | M28: 83.305256 | N28: 80.36095 | O28: 82.250797 | P28: 81.067286 | Q28: 81.798346 | R28: 82.019242 | S28: 82.503521 | T28: 81.446635 | U28: 80.863879 | V28: 80.078082 | W28: 80.94171 | X28: 80.679562 | Y28: 81.725536 | Z28: 81.23397 | AA28: 81.101656 | AB28: 82.696577 | AC28: 81.509756 | AD28: 81.334552 | AE28: 80.582505 | AF28: 80.192795 | AG28: 80.432229 | AH28: 75.13556
C29: 2 | D29: =AVERAGE(E29:AH29) -> 40.846752 | E29: 40.214252 | F29: 41.239179 | G29: 40.767358 | H29: 41.010053 | I29: 41.308922 | J29: 40.940091 | K29: 41.960765 | L29: 42.046252 | M29: 40.941738 | N29: 40.641385 | O29: 39.723547 | P29: 39.597029 | Q29: 40.014284 | R29: 39.918807 | S29: 40.040736 | T29: 40.210443 | U29: 40.003658 | V29: 40.764456 | W29: 41.175126 | X29: 40.699799 | Y29: 41.357306 | Z29: 41.730166 | AA29: 41.599931 | AB29: 42.331376 | AC29: 42.257965 | AD29: 40.715178 | AE29: 40.535 | AF29: 40.90168 | AG29: 40.72903 | AH29: 40.027056
C30: 4 | D30: =AVERAGE(E30:AH30) -> 19.952039 | E30: 20.202222 | F30: 20.007526 | G30: 20.092376 | H30: 20.265203 | I30: 20.189721 | J30: 20.06943 | K30: 20.2726 | L30: 20.30693 | M30: 20.249277 | N30: 20.701501 | O30: 20.667325 | P30: 20.7298 | Q30: 20.911546 | R30: 21.66491 | S30: 20.521193 | T30: 20.825334 | U30: 20.688159 | V30: 21.062936 | W30: 17.538396 | X30: 19.11974 | Y30: 18.86367 | Z30: 18.660506 | AA30: 18.789513 | AB30: 20.184424 | AC30: 18.983307 | AD30: 19.323723 | AE30: 19.207131 | AF30: 19.409036 | AG30: 19.166082 | AH30: 19.887662
C31: 8 | D31: =AVERAGE(E31:AH31) -> 18.08505 | E31: 17.843873 | F31: 17.92376 | G31: 18.050195 | H31: 18.145874 | I31: 18.106845 | J31: 17.716276 | K31: 17.900883 | L31: 18.373977 | M31: 18.139093 | N31: 18.171378 | O31: 18.418046 | P31: 18.73562 | Q31: 18.182502 | R31: 18.409112 | S31: 18.670298 | T31: 19.436784 | U31: 18.513862 | V31: 18.617858 | W31: 18.269503 | X31: 17.884034 | Y31: 17.867569 | Z31: 18.070398 | AA31: 17.481835 | AB31: 17.774442 | AC31: 17.708629 | AD31: 17.422678 | AE31: 17.588512 | AF31: 17.792079 | AG31: 17.599343 | AH31: 17.736227
C32: 16 | D32: =AVERAGE(E32:AH32) -> 18.185675 | E32: 17.515925 | F32: 17.551093 | G32: 17.476126 | H32: 17.517795 | I32: 17.469711 | J32: 17.626827 | K32: 17.808499 | L32: 18.337372 | M32: 17.791743 | N32: 17.985804 | O32: 18.201469 | P32: 18.146118 | Q32: 19.710013 | R32: 18.112719 | S32: 18.008807 | T32: 17.811371 | U32: 17.773064 | V32: 18.063863 | W32: 18.206823 | X32: 18.08546 | Y32: 18.241571 | Z32: 18.309088 | AA32: 18.205921 | AB32: 18.384449 | AC32: 19.630846 | AD32: 19.039958 | AE32: 18.972355 | AF32: 18.746824 | AG32: 18.51038 | AH32: 18.32826
B33: 4000 | C33: 1 | D33: =AVERAGE(E33:AH33) -> 885.3836 | E33: 870.28673 | F33: 889.97713 | G33: 882.90612 | H33: 912.65328 | I33: 892.41072 | J33: 860.2868 | K33: 863.54303 | L33: 860.55432 | M33: 890.70244 | N33: 917.57867 | O33: 893.38715 | P33: 903.7222 | Q33: 882.77232 | R33: 869.7863 | S33: 896.86276 | T33: 886.08187 | U33: 886.74053 | V33: 897.41103 | W33: 877.82327 | X33: 878.48841 | Y33: 878.32416 | Z33: 916.8713 | AA33: 881.21937 | AB33: 877.67782 | AC33: 893.64816 | AD33: 870.06286 | AE33: 881.29784 | AF33: 873.47245 | AG33: 889.80851 | AH33: 885.15055
C34: 2 | D34: =AVERAGE(E34:AH34) -> 441.22234 | E34: 434.93646 | F34: 415.05122 | G34: 429.98542 | H34: 426.53103 | I34: 420.54084 | J34: 429.0235 | K34: 443.55924 | L34: 442.31181 | M34: 448.21019 | N34: 444.09643 | O34: 434.84872 | P34: 442.39177 | Q34: 430.53313 | R34: 422.53845 | S34: 434.80443 | T34: 429.08313 | U34: 422.39439 | V34: 423.69338 | W34: 426.69382 | X34: 435.77222 | Y34: 444.14788 | Z34: 432.59925 | AA34: 464.71678 | AB34: 493.45691 | AC34: 486.21431 | AD34: 468.52441 | AE34: 461.38635 | AF34: 454.60859 | AG34: 466.83193 | AH34: 427.18418
C35: 4 | D35: =AVERAGE(E35:AH35) -> 231.48738 | E35: 230.59685 | F35: 236.70045 | G35: 226.45021 | H35: 235.45738 | I35: 240.08874 | J35: 228.06034 | K35: 237.56943 | L35: 237.76072 | M35: 243.16348 | N35: 241.4916 | O35: 235.53468 | P35: 242.8262 | Q35: 245.90134 | R35: 229.74878 | S35: 231.24327 | T35: 236.08439 | U35: 226.14604 | V35: 231.36462 | W35: 233.37305 | X35: 225.39025 | Y35: 228.80543 | Z35: 232.70096 | AA35: 229.55296 | AB35: 227.98228 | AC35: 220.22672 | AD35: 221.10312 | AE35: 228.03664 | AF35: 211.12647 | AG35: 222.12434 | AH35: 228.01057
C36: 8 | D36: =AVERAGE(E36:AH36) -> 218.15663 | E36: 206.43415 | F36: 221.54359 | G36: 225.47484 | H36: 216.15086 | I36: 216.66072 | J36: 220.25575 | K36: 224.96923 | L36: 218.43949 | M36: 221.94856 | N36: 228.7882 | O36: 219.53417 | P36: 210.40661 | Q36: 214.82687 | R36: 211.60241 | S36: 217.38689 | T36: 217.91856 | U36: 218.78006 | V36: 214.64486 | W36: 217.13291 | X36: 218.12046 | Y36: 212.43118 | Z36: 217.32748 | AA36: 222.53925 | AB36: 224.65292 | AC36: 217.67179 | AD36: 219.51455 | AE36: 215.80248 | AF36: 209.09924 | AG36: 221.12369 | AH36: 223.51708
C37: 16 | D37: =AVERAGE(E37:AH37) -> 220.22913 | E37: 217.52804 | F37: 225.2873 | G37: 223.60269 | H37: 209.92357 | I37: 220.29103 | J37: 228.55791 | K37: 221.76953 | L37: 213.21526 | M37: 220.00228 | N37: 221.13166 | O37: 214.73414 | P37: 215.09465 | Q37: 217.60655 | R37: 212.13424 | S37: 216.11324 | T37: 224.88495 | U37: 215.28746 | V37: 218.43719 | W37: 217.25713 | X37: 218.63199 | Y37: 211.37135 | Z37: 221.23223 | AA37: 226.16903 | AB37: 217.53429 | AC37: 223.84812 | AD37: 231.87902 | AE37: 219.71108 | AF37: 224.68632 | AG37: 225.38916 | AH37: 233.56241
A38: mmClasicaOpenMP (s) | B38: 1000 | C38: 1 | D38: =AVERAGE(E38:AH38) -> 3.1521945 | E38: 3.349045 | F38: 3.408799 | G38: 2.961377 | H38: 2.801953 | I38: 3.096543 | J38: 3.008379 | K38: 2.895144 | L38: 3.094603 | M38: 2.870346 | N38: 3.380322 | O38: 3.242035 | P38: 3.203737 | Q38: 2.781612 | R38: 3.184879 | S38: 3.577353 | T38: 2.843339 | U38: 2.936552 | V38: 3.666023 | W38: 2.851069 | X38: 2.839985 | Y38: 3.34349 | Z38: 3.227842 | AA38: 2.927311 | AB38: 3.655107 | AC38: 3.495 | AD38: 3.614837 | AE38: 2.790902 | AF38: 2.975461 | AG38: 3.201855 | AH38: 3.340936
C39: 2 | D39: =AVERAGE(E39:AH39) -> 1.5447374 | E39: 1.7528 | F39: 1.644746 | G39: 1.707857 | H39: 1.393369 | I39: 1.427471 | J39: 1.470967 | K39: 1.394268 | L39: 1.654805 | M39: 1.3713 | N39: 1.375546 | O39: 1.366342 | P39: 1.646322 | Q39: 1.539269 | R39: 1.567149 | S39: 1.470763 | T39: 1.510606 | U39: 1.460945 | V39: 1.374853 | W39: 1.557516 | X39: 1.67647 | Y39: 1.409587 | Z39: 1.544356 | AA39: 1.614834 | AB39: 1.848633 | AC39: 1.763107 | AD39: 1.627474 | AE39: 1.41537 | AF39: 1.444996 | AG39: 1.799379 | AH39: 1.511022
C40: 4 | D40: =AVERAGE(E40:AH40) -> 0.7526897 | E40: 0.683568 | F40: 0.90446 | G40: 0.828018 | H40: 0.713305 | I40: 0.688357 | J40: 0.844089 | K40: 0.7288 | L40: 0.711493 | M40: 0.826468 | N40: 0.809318 | O40: 0.791466 | P40: 0.724315 | Q40: 0.800796 | R40: 0.819757 | S40: 0.7207 | T40: 0.737815 | U40: 0.849647 | V40: 0.702926 | W40: 0.679524 | X40: 0.657851 | Y40: 0.65825 | Z40: 0.683712 | AA40: 0.75956 | AB40: 0.686595 | AC40: 0.763209 | AD40: 0.773527 | AE40: 0.713988 | AF40: 0.773495 | AG40: 0.713074 | AH40: 0.832608
C41: 8 | D41: =AVERAGE(E41:AH41) -> 0.72828893 | E41: 0.656014 | F41: 0.822503 | G41: 0.704961 | H41: 0.724382 | I41: 0.665985 | J41: 0.683459 | K41: 0.817938 | L41: 0.807671 | M41: 0.854613 | N41: 0.686827 | O41: 0.716001 | P41: 0.672295 | Q41: 0.72123 | R41: 0.680922 | S41: 0.656098 | T41: 0.701518 | U41: 0.800841 | V41: 0.778861 | W41: 0.783499 | X41: 0.770408 | Y41: 0.718845 | Z41: 0.672744 | AA41: 0.675281 | AB41: 0.6549 | AC41: 0.752603 | AD41: 0.837535 | AE41: 0.671813 | AF41: 0.689725 | AG41: 0.809075 | AH41: 0.660121
C42: 16 | D42: =AVERAGE(E42:AH42) -> 0.7234354 | E42: 0.831419 | F42: 0.846904 | G42: 0.74547 | H42: 0.69216 | I42: 0.780783 | J42: 0.638834 | K42: 0.700818 | L42: 0.674456 | M42: 0.666121 | N42: 0.649626 | O42: 0.813579 | P42: 0.774542 | Q42: 0.805845 | R42: 0.81822 | S42: 0.831139 | T42: 0.702272 | U42: 0.68318 | V42: 0.746776 | W42: 0.772812 | X42: 0.723003 | Y42: 0.651563 | Z42: 0.693035 | AA42: 0.640038 | AB42: 0.638862 | AC42: 0.678607 | AD42: 0.730212 | AE42: 0.694207 | AF42: 0.64588 | AG42: 0.693803 | AH42: 0.738896
B43: 2000 | C43: 1 | D43: =AVERAGE(E43:AH43) -> 66.743969 | E43: 65.204164 | F43: 65.857845 | G43: 64.548998 | H43: 66.070724 | I43: 64.858646 | J43: 64.856417 | K43: 65.329735 | L43: 65.736049 | M43: 66.066939 | N43: 67.385737 | O43: 66.454326 | P43: 68.825994 | Q43: 66.330107 | R43: 66.31133 | S43: 65.933979 | T43: 65.685903 | U43: 65.889679 | V43: 67.580396 | W43: 66.553364 | X43: 67.888682 | Y43: 67.874933 | Z43: 66.853245 | AA43: 66.875888 | AB43: 68.372934 | AC43: 67.640822 | AD43: 67.26227 | AE43: 68.932367 | AF43: 67.845849 | AG43: 68.626499 | AH43: 68.665254
C44: 2 | D44: =AVERAGE(E44:AH44) -> 34.838502 | E44: 35.541847 | F44: 34.661087 | G44: 34.445795 | H44: 34.292352 | I44: 34.458505 | J44: 34.430827 | K44: 34.739259 | L44: 34.938109 | M44: 35.605536 | N44: 34.933483 | O44: 35.213293 | P44: 35.588448 | Q44: 36.13256 | R44: 35.816811 | S44: 36.636373 | T44: 35.923224 | U44: 36.160491 | V44: 36.442079 | W44: 35.793751 | X44: 35.373031 | Y44: 34.098119 | Z44: 33.390368 | AA44: 33.987586 | AB44: 33.865826 | AC44: 32.960125 | AD44: 33.400097 | AE44: 34.205118 | AF44: 33.878839 | AG44: 34.090963 | AH44: 34.151156
C45: 4 | D45: =AVERAGE(E45:AH45) -> 17.170474 | E45: 16.999286 | F45: 17.186765 | G45: 17.389196 | H45: 17.530324 | I45: 17.24716 | J45: 17.446703 | K45: 18.702457 | L45: 17.805347 | M45: 17.549329 | N45: 17.466532 | O45: 17.538355 | P45: 17.433284 | Q45: 17.371705 | R45: 17.475779 | S45: 17.566265 | T45: 17.740884 | U45: 18.153221 | V45: 17.682381 | W45: 17.764866 | X45: 16.606317 | Y45: 16.478346 | Z45: 16.740637 | AA45: 16.350958 | AB45: 16.265955 | AC45: 16.403124 | AD45: 16.333416 | AE45: 16.380255 | AF45: 16.279477 | AG45: 16.673046 | AH45: 16.552851
C46: 8 | D46: =AVERAGE(E46:AH46) -> 17.092134 | E46: 16.291558 | F46: 16.345921 | G46: 16.465411 | H46: 16.781598 | I46: 16.400102 | J46: 16.579697 | K46: 16.719136 | L46: 16.875527 | M46: 17.198989 | N46: 17.142537 | O46: 17.1437 | P46: 16.957996 | Q46: 17.104606 | R46: 16.999306 | S46: 16.919067 | T46: 17.240551 | U46: 17.109771 | V46: 16.968344 | W46: 17.14944 | X46: 17.240982 | Y46: 17.252223 | Z46: 17.418661 | AA46: 17.20957 | AB46: 17.414311 | AC46: 17.592278 | AD46: 17.876877 | AE46: 17.57692 | AF46: 17.928736 | AG46: 17.563912 | AH46: 17.296291
C47: 16 | D47: =AVERAGE(E47:AH47) -> 16.821455 | E47: 17.326186 | F47: 16.693601 | G47: 16.574772 | H47: 16.391977 | I47: 16.454465 | J47: 16.243312 | K47: 16.227098 | L47: 16.354833 | M47: 16.438874 | N47: 16.637835 | O47: 16.567243 | P47: 16.880134 | Q47: 16.542126 | R47: 16.681797 | S47: 16.838672 | T47: 16.715963 | U47: 17.012219 | V47: 16.90913 | W47: 17.173559 | X47: 16.878836 | Y47: 16.95022 | Z47: 16.895886 | AA47: 17.021709 | AB47: 16.899647 | AC47: 17.064168 | AD47: 17.021712 | AE47: 17.054153 | AF47: 17.464306 | AG47: 17.123119 | AH47: 17.606102
B48: 4000 | C48: 1 | D48: =AVERAGE(E48:AH48) -> 743.95393 | E48: 760.02172 | F48: 728.9148 | G48: 705.4001 | H48: 714.46042 | I48: 731.2334 | J48: 749.30929 | K48: 754.65541 | L48: 762.02952 | M48: 749.98042 | N48: 721.65522 | O48: 716.83634 | P48: 725.5577 | Q48: 763.55326 | R48: 752.717 | S48: 743.99238 | T48: 730.90023 | U48: 713.11914 | V48: 713.78566 | W48: 721.32306 | X48: 730.11182 | Y48: 753.44569 | Z48: 764.89838 | AA48: 768.83914 | AB48: 760.65824 | AC48: 761.38158 | AD48: 772.30147 | AE48: 757.67611 | AF48: 773.41661 | AG48: 761.86464 | AH48: 754.57912
C49: 2 | D49: =AVERAGE(E49:AH49) -> 383.72532 | E49: 374.98744 | F49: 377.0022 | G49: 366.41298 | H49: 369.08134 | I49: 358.96275 | J49: 366.75333 | K49: 364.88077 | L49: 374.25759 | M49: 365.35682 | N49: 384.14902 | O49: 379.56979 | P49: 391.59096 | Q49: 393.28123 | R49: 381.30513 | S49: 391.48897 | T49: 384.09063 | U49: 395.76115 | V49: 377.59712 | W49: 385.34526 | X49: 389.05487 | Y49: 391.05539 | Z49: 395.40262 | AA49: 390.8861 | AB49: 399.65735 | AC49: 389.89294 | AD49: 410.16919 | AE49: 384.59855 | AF49: 407.88025 | AG49: 393.57414 | AH49: 377.71383
C50: 4 | D50: =AVERAGE(E50:AH50) -> 196.26986 | E50: 195.54616 | F50: 198.12598 | G50: 189.8909 | H50: 189.63883 | I50: 191.35414 | J50: 195.53187 | K50: 197.68501 | L50: 191.244 | M50: 194.37106 | N50: 196.7303 | O50: 197.91559 | P50: 195.14182 | Q50: 199.94352 | R50: 202.66688 | S50: 200.71702 | T50: 203.35276 | U50: 208.13089 | V50: 200.32024 | W50: 205.79101 | X50: 210.2235 | Y50: 195.33412 | Z50: 182.50207 | AA50: 189.58813 | AB50: 192.73745 | AC50: 186.29983 | AD50: 190.14053 | AE50: 200.2541 | AF50: 205.44042 | AG50: 190.65449 | AH50: 190.82313
C51: 8 | D51: =AVERAGE(E51:AH51) -> 200.54497 | E51: 201.7477 | F51: 208.13285 | G51: 198.45646 | H51: 191.76225 | I51: 195.23686 | J51: 191.77724 | K51: 189.69708 | L51: 192.36136 | M51: 193.69574 | N51: 191.95356 | O51: 195.92391 | P51: 198.06498 | Q51: 200.88032 | R51: 196.52322 | S51: 202.20947 | T51: 208.84731 | U51: 208.62413 | V51: 197.80787 | W51: 201.74637 | X51: 209.58395 | Y51: 204.47671 | Z51: 204.22102 | AA51: 210.47592 | AB51: 199.61062 | AC51: 204.7179 | AD51: 210.36379 | AE51: 197.5985 | AF51: 199.42246 | AG51: 204.98167 | AH51: 205.44792
C52: 16 | D52: =AVERAGE(E52:AH52) -> 190.33952 | E52: 179.33934 | F52: 181.76436 | G52: 186.76591 | H52: 188.91924 | I52: 186.32871 | J52: 189.46947 | K52: 191.74835 | L52: 187.6966 | M52: 189.11496 | N52: 192.85425 | O52: 194.26921 | P52: 198.40203 | Q52: 209.12155 | R52: 189.87563 | S52: 181.67067 | T52: 188.82639 | U52: 186.00481 | V52: 178.84204 | W52: 187.48261 | X52: 193.72671 | Y52: 185.5373 | Z52: 185.5386 | AA52: 193.11906 | AB52: 198.95907 | AC52: 189.07061 | AD52: 196.74437 | AE52: 205.86049 | AF52: 190.43332 | AG52: 189.28301 | AH52: 193.41682

Sheet Rendimiento_PC_2
B4: Calculo de Rendimiento Promedio con Matrices e hilos definidos en segundos | F4: PC 2
B7: Matrices | C7: Hilos | D7: Promedio | E7: Iter1 | F7: Iter2 | G7: Iter3 | H7: Iter4 | I7: Iter5 | J7: Iter6 | K7: Iter7 | L7: Iter8 | M7: Iter9 | N7: Iter10 | O7: Iter11 | P7: Iter12 | Q7: Iter13 | R7: Iter14 | S7: Iter15 | T7: Iter16 | U7: Iter17 | V7: Iter18 | W7: Iter19 | X7: Iter20 | Y7: Iter21 | Z7: Iter22 | AA7: Iter23 | AB7: Iter24 | AC7: Iter25 | AD7: Iter26 | AE7: Iter27 | AF7: Iter28 | AG7: Iter29 | AH7: Iter30
A8: mmClasicaFork (s) | B8: 1000 | C8: 1 | D8: =AVERAGE(E8:AH8) -> 3.5755694 | E8: 3.801789 | F8: 3.149411 | G8: 3.092237 | H8: 3.357928 | I8: 3.433477 | J8: 3.236163 | K8: 3.613284 | L8: 3.266973 | M8: 3.307148 | N8: 3.176918 | O8: 3.149938 | P8: 3.133686 | Q8: 3.205588 | R8: 3.134361 | S8: 3.199763 | T8: 3.212571 | U8: 3.720775 | V8: 3.438175 | W8: 3.312071 | X8: 3.653585 | Y8: 3.877446 | Z8: 4.100338 | AA8: 4.798439 | AB8: 4.265138 | AC8: 4.517902 | AD8: 3.676478 | AE8: 4.053041 | AF8: 3.76806 | AG8: 3.675522 | AH8: 3.938877
C9: 2 | D9: =AVERAGE(E9:AH9) -> 2.3235633 | E9: 2.386214 | F9: 2.189956 | G9: 2.147325 | H9: 2.086615 | I9: 2.235871 | J9: 2.574748 | K9: 2.574449 | L9: 2.881112 | M9: 2.576063 | N9: 2.230341 | O9: 2.04442 | P9: 2.414336 | Q9: 2.365258 | R9: 2.207879 | S9: 2.335044 | T9: 2.37394 | U9: 2.358635 | V9: 2.31707 | W9: 2.511427 | X9: 2.660577 | Y9: 2.165158 | Z9: 2.12039 | AA9: 1.907447 | AB9: 2.020805 | AC9: 2.661009 | AD9: 2.420536 | AE9: 2.258877 | AF9: 2.128605 | AG9: 2.128484 | AH9: 2.424308
C10: 4 | D10: =AVERAGE(E10:AH10) -> 1.5455961 | E10: 1.478469 | F10: 1.295904 | G10: 1.272093 | H10: 1.286773 | I10: 1.259907 | J10: 1.858142 | K10: 1.51888 | L10: 1.825013 | M10: 2.144135 | N10: 1.959006 | O10: 1.792709 | P10: 1.57201 | Q10: 1.497339 | R10: 1.789927 | S10: 1.538015 | T10: 1.608446 | U10: 1.307084 | V10: 1.332128 | W10: 1.494701 | X10: 1.577326 | Y10: 1.738913 | Z10: 1.468054 | AA10: 1.805229 | AB10: 1.518672 | AC10: 1.486618 | AD10: 1.310061 | AE10: 1.45406 | AF10: 1.295812 | AG10: 1.348807 | AH10: 1.53365
C11: 8 | D11: =AVERAGE(E11:AH11) -> 0.9775389 | E11: 0.97229 | F11: 0.966982 | G11: 0.970941 | H11: 0.989764 | I11: 0.97033 | J11: 0.960613 | K11: 0.98227 | L11: 0.975924 | M11: 0.971954 | N11: 0.953761 | O11: 0.964523 | P11: 0.987134 | Q11: 0.973567 | R11: 0.962028 | S11: 0.97459 | T11: 0.97054 | U11: 0.970796 | V11: 0.978944 | W11: 0.975632 | X11: 0.974349 | Y11: 0.966648 | Z11: 0.952119 | AA11: 0.959351 | AB11: 1.073672 | AC11: 0.964686 | AD11: 1.045024 | AE11: 1.021299 | AF11: 0.977749 | AG11: 0.955779 | AH11: 0.962908
C12: 16 | D12: =AVERAGE(E12:AH12) -> 0.9014237 | E12: 0.899923 | F12: 0.902372 | G12: 0.894319 | H12: 0.897581 | I12: 0.91631 | J12: 0.893878 | K12: 0.887217 | L12: 0.910433 | M12: 0.899985 | N12: 0.895755 | O12: 0.890565 | P12: 0.909732 | Q12: 0.901451 | R12: 0.886078 | S12: 0.966936 | T12: 0.941826 | U12: 0.895229 | V12: 0.895338 | W12: 0.915758 | X12: 0.904266 | Y12: 0.899901 | Z12: 0.902302 | AA12: 0.894515 | AB12: 0.89207 | AC12: 0.895792 | AD12: 0.896433 | AE12: 0.899103 | AF12: 0.883797 | AG12: 0.891197 | AH12: 0.882649
B13: 2000 | C13: 1 | D13: =AVERAGE(E13:AH13) -> 29.572015 | E13: 28.942533 | F13: 28.593621 | G13: 28.677453 | H13: 28.783961 | I13: 28.734591 | J13: 28.816471 | K13: 28.759901 | L13: 28.703109 | M13: 28.734536 | N13: 28.601906 | O13: 28.769228 | P13: 28.55397 | Q13: 32.115859 | R13: 32.662407 | S13: 31.801701 | T13: 31.235548 | U13: 31.460055 | V13: 30.150111 | W13: 30.682982 | X13: 29.296498 | Y13: 29.242402 | Z13: 29.245716 | AA13: 29.314111 | AB13: 29.156185 | AC13: 29.337524 | AD13: 29.297034 | AE13: 29.171661 | AF13: 29.2686 | AG13: 29.827989 | AH13: 29.222782
C14: 2 | D14: =AVERAGE(E14:AH14) -> 17.681684 | E14: 17.686201 | F14: 17.727544 | G14: 17.599403 | H14: 17.686889 | I14: 17.715243 | J14: 17.713724 | K14: 17.651423 | L14: 17.783749 | M14: 17.727194 | N14: 17.719209 | O14: 19.900303 | P14: 21.164407 | Q14: 17.541349 | R14: 17.315064 | S14: 17.421625 | T14: 17.360109 | U14: 17.423647 | V14: 17.353024 | W14: 17.367294 | X14: 17.384349 | Y14: 17.548907 | Z14: 17.307442 | AA14: 17.552819 | AB14: 17.263261 | AC14: 17.240628 | AD14: 17.213135 | AE14: 17.208575 | AF14: 17.268649 | AG14: 17.337413 | AH14: 17.26794
C15: 4 | D15: =AVERAGE(E15:AH15) -> 11.737817 | E15: 11.676335 | F15: 11.695605 | G15: 11.557637 | H15: 11.598491 | I15: 11.627149 | J15: 11.639205 | K15: 11.645049 | L15: 11.602683 | M15: 11.571287 | N15: 11.607904 | O15: 11.657988 | P15: 11.704784 | Q15: 11.68011 | R15: 11.593932 | S15: 11.593083 | T15: 11.714822 | U15: 11.59647 | V15: 11.601571 | W15: 11.66301 | X15: 11.672769 | Y15: 11.618226 | Z15: 11.610809 | AA15: 11.563207 | AB15: 11.731893 | AC15: 11.891679 | AD15: 13.790671 | AE15: 12.083372 | AF15: 11.891524 | AG15: 11.581875 | AH15: 11.671381
C16: 8 | D16: =AVERAGE(E16:AH16) -> 9.4147947 | E16: 9.253556 | F16: 9.334452 | G16: 9.226743 | H16: 9.325757 | I16: 9.312977 | J16: 9.311503 | K16: 9.510231 | L16: 9.249604 | M16: 9.211182 | N16: 9.281576 | O16: 9.433732 | P16: 9.264008 | Q16: 9.312601 | R16: 9.454493 | S16: 9.45003 | T16: 9.434972 | U16: 9.247363 | V16: 9.414711 | W16: 9.370151 | X16: 9.453858 | Y16: 9.522151 | Z16: 9.314871 | AA16: 9.486008 | AB16: 9.668567 | AC16: 9.573683 | AD16: 9.532456 | AE16: 9.601908 | AF16: 9.906268 | AG16: 9.555033 | AH16: 9.429397
C17: 16 | D17: =AVERAGE(E17:AH17) -> 10.330923 | E17: 10.119739 | F17: 10.271737 | G17: 10.080802 | H17: 10.224361 | I17: 11.130386 | J17: 10.990696 | K17: 11.439664 | L17: 10.529315 | M17: 10.264394 | N17: 10.236045 | O17: 10.191679 | P17: 10.436329 | Q17: 10.266923 | R17: 10.245082 | S17: 10.318814 | T17: 10.187397 | U17: 10.277484 | V17: 10.432508 | W17: 10.248218 | X17: 10.139044 | Y17: 10.226327 | Z17: 10.143763 | AA17: 10.23042 | AB17: 10.222338 | AC17: 10.20568 | AD17: 10.280134 | AE17: 10.22184 | AF17: 10.136316 | AG17: 10.129579 | AH17: 10.100682
B18: 4000 | C18: 1 | D18: =AVERAGE(E18:AH18) -> 253.53119 | E18: 249.9854 | F18: 250.43726 | G18: 248.83642 | H18: 252.58025 | I18: 249.06462 | J18: 252.00781 | K18: 249.97294 | L18: 249.69475 | M18: 255.20024 | N18: 251.71549 | O18: 252.94088 | P18: 276.45737 | Q18: 256.61398 | R18: 247.67559 | S18: 250.02404 | T18: 254.95837 | U18: 248.94495 | V18: 253.98009 | W18: 247.90965 | X18: 247.53427 | Y18: 249.71962 | Z18: 267.73343 | AA18: 254.12105 | AB18: 255.3752 | AC18: 255.12628 | AD18: 253.21146 | AE18: 254.03481 | AF18: 256.9342 | AG18: 255.19937 | AH18: 257.94597
C19: 2 | D19: =AVERAGE(E19:AH19) -> 155.10739 | E19: 155.20666 | F19: 154.74424 | G19: 153.03878 | H19: 152.16968 | I19: 152.91997 | J19: 153.16021 | K19: 153.09558 | L19: 153.39058 | M19: 152.98155 | N19: 152.65677 | O19: 157.25982 | P19: 160.9234 | Q19: 153.49355 | R19: 158.6822 | S19: 152.5979 | T19: 154.87088 | U19: 153.13468 | V19: 154.83779 | W19: 153.98043 | X19: 153.06626 | Y19: 154.38655 | Z19: 153.36163 | AA19: 159.36003 | AB19: 152.42736 | AC19: 152.5119 | AD19: 153.16045 | AE19: 169.56439 | AF19: 162.68957 | AG19: 157.84738 | AH19: 151.70139
C20: 4 | D20: =AVERAGE(E20:AH20) -> 106.07217 | E20: 105.27767 | F20: 105.95481 | G20: 107.75777 | H20: 106.1495 | I20: 105.03354 | J20: 105.11678 | K20: 106.56203 | L20: 107.37858 | M20: 105.04998 | N20: 105.81457 | O20: 105.83863 | P20: 106.89625 | Q20: 106.65226 | R20: 105.19609 | S20: 106.81617 | T20: 105.73928 | U20: 105.47068 | V20: 106.30864 | W20: 106.57405 | X20: 105.2121 | Y20: 105.93112 | Z20: 105.5398 | AA20: 105.80567 | AB20: 106.90106 | AC20: 107.88767 | AD20: 105.59037 | AE20: 105.33737 | AF20: 107.01221 | AG20: 105.70618 | AH20: 105.65421
C21: 8 | D21: =AVERAGE(E21:AH21) -> 109.55279 | E21: 111.4132 | F21: 110.20092 | G21: 108.2572 | H21: 109.30495 | I21: 108.7984 | J21: 109.24337 | K21: 107.38366 | L21: 111.36493 | M21: 110.03723 | N21: 108.47482 | O21: 108.84226 | P21: 110.20424 | Q21: 109.32327 | R21: 110.84935 | S21: 108.85342 | T21: 108.57651 | U21: 109.52622 | V21: 108.93136 | W21: 106.71832 | X21: 109.71714 | Y21: 110.10637 | Z21: 108.69931 | AA21: 110.38889 | AB21: 108.29411 | AC21: 108.11613 | AD21: 111.94687 | AE21: 115.49817 | AF21: 108.89939 | AG21: 110.19983 | AH21: 108.41398
C22: 16 | D22: =AVERAGE(E22:AH22) -> 109.47244 | E22: 108.93311 | F22: 109.22942 | G22: 109.46382 | H22: 109.85726 | I22: 110.15197 | J22: 109.88212 | K22: 108.78418 | L22: 109.19985 | M22: 109.6007 | N22: 109.05632 | O22: 109.42546 | P22: 109.2704 | Q22: 109.43372 | R22: 108.77878 | S22: 109.89642 | T22: 109.46859 | U22: 108.94207 | V22: 109.0721 | W22: 109.0207 | X22: 109.60728 | Y22: 109.33129 | Z22: 111.31652 | AA22: 109.47109 | AB22: 109.32144 | AC22: 109.00967 | AD22: 109.60294 | AE22: 109.58726 | AF22: 110.11412 | AG22: 109.7976 | AH22: 109.54709
A23: mmClasicaPosix (s) | B23: 1000 | C23: 1 | D23: =AVERAGE(E23:AH23) -> 3.1785436 | E23: 3.158809 | F23: 3.172131 | G23: 3.210283 | H23: 3.299056 | I23: 3.226729 | J23: 3.123254 | K23: 3.233529 | L23: 3.176477 | M23: 3.155858 | N23: 3.128722 | O23: 3.116021 | P23: 3.148685 | Q23: 3.122263 | R23: 3.152277 | S23: 3.209275 | T23: 3.130843 | U23: 3.201926 | V23: 3.283147 | W23: 3.152292 | X23: 3.144063 | Y23: 3.143521 | Z23: 3.140483 | AA23: 3.12409 | AB23: 3.169819 | AC23: 3.144952 | AD23: 3.244167 | AE23: 3.18785 | AF23: 3.139666 | AG23: 3.29452 | AH23: 3.2216
C24: 2 | D24: =AVERAGE(E24:AH24) -> 1.8945678 | E24: 1.894709 | F24: 1.887508 | G24: 1.907575 | H24: 1.916655 | I24: 1.883785 | J24: 1.911259 | K24: 1.910347 | L24: 1.888887 | M24: 1.973338 | N24: 1.888813 | O24: 1.900669 | P24: 1.877861 | Q24: 1.889919 | R24: 1.879441 | S24: 1.858926 | T24: 1.886871 | U24: 1.885735 | V24: 1.859057 | W24: 1.858761 | X24: 1.872204 | Y24: 1.884856 | Z24: 1.880324 | AA24: 1.93024 | AB24: 1.901987 | AC24: 1.900603 | AD24: 1.947026 | AE24: 1.90092 | AF24: 1.895809 | AG24: 1.879869 | AH24: 1.883081
C25: 4 | D25: =AVERAGE(E25:AH25) -> 1.2581265 | E25: 1.253149 | F25: 1.249882 | G25: 1.257518 | H25: 1.250571 | I25: 1.241774 | J25: 1.250607 | K25: 1.251327 | L25: 1.246709 | M25: 1.24842 | N25: 1.256603 | O25: 1.259762 | P25: 1.25281 | Q25: 1.254605 | R25: 1.249937 | S25: 1.337396 | T25: 1.257252 | U25: 1.24328 | V25: 1.279448 | W25: 1.252842 | X25: 1.260335 | Y25: 1.249146 | Z25: 1.258017 | AA25: 1.261225 | AB25: 1.256606 | AC25: 1.263318 | AD25: 1.262934 | AE25: 1.26452 | AF25: 1.261965 | AG25: 1.257865 | AH25: 1.253972
C26: 8 | D26: =AVERAGE(E26:AH26) -> 0.9482432 | E26: 0.952829 | F26: 0.954622 | G26: 0.9459 | H26: 0.930701 | I26: 0.940613 | J26: 0.936024 | K26: 0.929012 | L26: 0.945239 | M26: 0.960264 | N26: 0.938586 | O26: 1.042261 | P26: 0.940899 | Q26: 0.949667 | R26: 0.945348 | S26: 0.959214 | T26: 0.946012 | U26: 0.941856 | V26: 0.938481 | W26: 0.950619 | X26: 0.929668 | Y26: 0.95221 | Z26: 0.937553 | AA26: 0.94359 | AB26: 0.94037 | AC26: 0.958671 | AD26: 0.960214 | AE26: 0.939816 | AF26: 0.952081 | AG26: 0.944828 | AH26: 0.940148
C27: 16 | D27: =AVERAGE(E27:AH27) -> 0.90739907 | E27: 0.913656 | F27: 0.902025 | G27: 0.906243 | H27: 0.89701 | I27: 0.896194 | J27: 0.896611 | K27: 0.917304 | L27: 0.906194 | M27: 0.866769 | N27: 0.876208 | O27: 0.920634 | P27: 0.903345 | Q27: 0.907927 | R27: 1.091952 | S27: 0.951673 | T27: 0.922403 | U27: 0.917173 | V27: 0.890074 | W27: 0.887109 | X27: 0.918648 | Y27: 0.889111 | Z27: 0.892003 | AA27: 0.879377 | AB27: 0.908708 | AC27: 0.908339 | AD27: 0.887682 | AE27: 0.915948 | AF27: 0.888514 | AG27: 0.877502 | AH27: 0.885636
B28: 2000 | C28: 1 | D28: =AVERAGE(E28:AH28) -> 29.215939 | E28: 28.790833 | F28: 32.697472 | G28: 28.725635 | H28: 31.398026 | I28: 28.669455 | J28: 29.262014 | K28: 29.040017 | L28: 28.846025 | M28: 28.828257 | N28: 29.217551 | O28: 28.869644 | P28: 28.857355 | Q28: 28.868002 | R28: 28.85494 | S28: 28.9666 | T28: 28.861334 | U28: 28.842844 | V28: 29.364803 | W28: 29.950191 | X28: 29.337461 | Y28: 29.559468 | Z28: 29.187816 | AA28: 28.868481 | AB28: 29.161784 | AC28: 28.876238 | AD28: 28.918042 | AE28: 29.041114 | AF28: 28.929512 | AG28: 28.798077 | AH28: 28.889181
C29: 2 | D29: =AVERAGE(E29:AH29) -> 17.347332 | E29: 17.223724 | F29: 17.366514 | G29: 17.274022 | H29: 17.340404 | I29: 17.273719 | J29: 17.25338 | K29: 17.253789 | L29: 17.257229 | M29: 17.27902 | N29: 17.261673 | O29: 17.303181 | P29: 17.400512 | Q29: 17.364369 | R29: 17.628891 | S29: 17.743758 | T29: 17.432284 | U29: 17.39707 | V29: 17.428127 | W29: 17.517563 | X29: 17.339472 | Y29: 17.296671 | Z29: 17.359174 | AA29: 17.309554 | AB29: 17.297516 | AC29: 17.274947 | AD29: 17.279791 | AE29: 17.359968 | AF29: 17.290607 | AG29: 17.278987 | AH29: 17.334057
C30: 4 | D30: =AVERAGE(E30:AH30) -> 11.567781 | E30: 11.600829 | F30: 11.541789 | G30: 11.562903 | H30: 11.549543 | I30: 11.543529 | J30: 11.564116 | K30: 11.564089 | L30: 11.532494 | M30: 11.635542 | N30: 11.543432 | O30: 11.585147 | P30: 11.566869 | Q30: 11.529179 | R30: 11.612631 | S30: 11.565207 | T30: 11.551621 | U30: 11.571081 | V30: 11.570865 | W30: 11.555621 | X30: 11.607903 | Y30: 11.58616 | Z30: 11.569378 | AA30: 11.578374 | AB30: 11.539841 | AC30: 11.534171 | AD30: 11.564932 | AE30: 11.547704 | AF30: 11.6269 | AG30: 11.552711 | AH30: 11.578866
C31: 8 | D31: =AVERAGE(E31:AH31) -> 9.1983194 | E31: 9.116142 | F31: 9.118741 | G31: 9.130575 | H31: 9.184247 | I31: 9.276062 | J31: 9.196779 | K31: 9.250212 | L31: 9.073252 | M31: 9.121159 | N31: 9.269947 | O31: 9.102271 | P31: 9.280027 | Q31: 9.248705 | R31: 9.213373 | S31: 9.213387 | T31: 9.187573 | U31: 9.162381 | V31: 9.274014 | W31: 9.222257 | X31: 9.274402 | Y31: 9.171456 | Z31: 9.12061 | AA31: 9.297123 | AB31: 9.221128 | AC31: 9.406458 | AD31: 9.089825 | AE31: 9.164913 | AF31: 9.195279 | AG31: 9.322138 | AH31: 9.045146
C32: 16 | D32: =AVERAGE(E32:AH32) -> 9.9061937 | E32: 10.16041 | F32: 9.878835 | G32: 9.978289 | H32: 9.863132 | I32: 9.8877 | J32: 9.836729 | K32: 9.810743 | L32: 9.871873 | M32: 9.800008 | N32: 9.958055 | O32: 10.139546 | P32: 9.821337 | Q32: 9.904365 | R32: 9.88897 | S32: 9.837857 | T32: 9.85943 | U32: 9.876291 | V32: 9.887779 | W32: 10.002983 | X32: 9.827355 | Y32: 9.901607 | Z32: 9.810304 | AA32: 10.162087 | AB32: 9.906561 | AC32: 9.90366 | AD32: 9.847737 | AE32: 9.954617 | AF32: 9.86933 | AG32: 9.842881 | AH32: 9.895341
B33: 4000 | C33: 1 | D33: =AVERAGE(E33:AH33) -> 263.37017 | E33: 244.96033 | F33: 253.77284 | G33: 273.35399 | H33: 329.66238 | I33: 280.34269 | J33: 279.62439 | K33: 276.19113 | L33: 288.64862 | M33: 288.00433 | N33: 271.20676 | O33: 277.14628 | P33: 279.18744 | Q33: 258.90441 | R33: 248.69939 | S33: 248.47144 | T33: 247.90786 | U33: 249.57728 | V33: 250.03566 | W33: 275.67234 | X33: 254.98084 | Y33: 260.09803 | Z33: 250.64007 | AA33: 252.90493 | AB33: 250.7553 | AC33: 253.71325 | AD33: 254.1722 | AE33: 250.90069 | AF33: 249.11814 | AG33: 251.11643 | AH33: 251.3356
C34: 2 | D34: =AVERAGE(E34:AH34) -> 155.23923 | E34: 156.17394 | F34: 156.45209 | G34: 154.26699 | H34: 158.92285 | I34: 157.20525 | J34: 153.43439 | K34: 159.58208 | L34: 154.57711 | M34: 153.90511 | N34: 158.08131 | O34: 154.01284 | P34: 158.02496 | Q34: 153.91242 | R34: 156.45693 | S34: 154.76557 | T34: 154.32382 | U34: 154.34285 | V34: 153.82748 | W34: 153.18003 | X34: 153.66367 | Y34: 153.60864 | Z34: 154.85527 | AA34: 155.41435 | AB34: 153.18504 | AC34: 154.48031 | AD34: 152.96809 | AE34: 159.73985 | AF34: 158.22234 | AG34: 153.15689 | AH34: 152.43451
C35: 4 | D35: =AVERAGE(E35:AH35) -> 106.03231 | E35: 105.82223 | F35: 105.73738 | G35: 105.85746 | H35: 105.15264 | I35: 104.74059 | J35: 105.57972 | K35: 105.90614 | L35: 106.53618 | M35: 104.89096 | N35: 105.88716 | O35: 104.9979 | P35: 105.32117 | Q35: 106.02818 | R35: 107.03446 | S35: 105.27077 | T35: 106.91416 | U35: 106.9321 | V35: 105.6857 | W35: 106.43194 | X35: 106.20629 | Y35: 106.13842 | Z35: 106.55746 | AA35: 106.40895 | AB35: 106.60669 | AC35: 106.22502 | AD35: 106.53291 | AE35: 108.06255 | AF35: 105.78776 | AG35: 105.20842 | AH35: 106.50803
C36: 8 | D36: =AVERAGE(E36:AH36) -> 105.74211 | E36: 105.5285 | F36: 105.16977 | G36: 105.54258 | H36: 104.92858 | I36: 104.24667 | J36: 108.09692 | K36: 104.29272 | L36: 105.40857 | M36: 104.78181 | N36: 105.1046 | O36: 106.89319 | P36: 106.85359 | Q36: 103.87511 | R36: 104.4675 | S36: 107.00532 | T36: 105.16679 | U36: 106.45799 | V36: 106.87284 | W36: 105.25628 | X36: 105.55331 | Y36: 105.50198 | Z36: 104.3098 | AA36: 104.27643 | AB36: 108.33754 | AC36: 105.67147 | AD36: 107.17658 | AE36: 105.09933 | AF36: 106.58202 | AG36: 105.97628 | AH36: 107.82906
C37: 16 | D37: =AVERAGE(E37:AH37) -> 99.094983 | E37: 98.339534 | F37: 102.39226 | G37: 103.87987 | H37: 102.35464 | I37: 101.80532 | J37: 98.505187 | K37: 99.086397 | L37: 101.5532 | M37: 98.152675 | N37: 96.412432 | O37: 96.893479 | P37: 97.058527 | Q37: 97.646886 | R37: 98.248344 | S37: 98.692925 | T37: 97.498825 | U37: 97.286708 | V37: 107.27855 | W37: 100.07695 | X37: 98.426176 | Y37: 97.502588 | Z37: 98.355771 | AA37: 99.026718 | AB37: 97.438418 | AC37: 97.996453 | AD37: 98.870157 | AE37: 98.665815 | AF37: 97.514981 | AG37: 98.28797 | AH37: 97.601716
A38: mmClasicaOpenMP (s) | B38: 1000 | C38: 1 | D38: =AVERAGE(E38:AH38) -> 0.85255323 | E38: 0.844162 | F38: 0.844397 | G38: 0.8456 | H38: 0.85162 | I38: 0.848394 | J38: 0.854451 | K38: 0.858056 | L38: 0.839774 | M38: 0.855585 | N38: 0.846442 | O38: 0.854882 | P38: 0.85942 | Q38: 0.839266 | R38: 0.848689 | S38: 0.849935 | T38: 0.854484 | U38: 0.861345 | V38: 0.853633 | W38: 0.844199 | X38: 0.852311 | Y38: 0.859446 | Z38: 0.85404 | AA38: 0.863553 | AB38: 0.857555 | AC38: 0.854737 | AD38: 0.856431 | AE38: 0.859978 | AF38: 0.858237 | AG38: 0.854197 | AH38: 0.851778
C39: 2 | D39: =AVERAGE(E39:AH39) -> 0.55631907 | E39: 0.565426 | F39: 0.553261 | G39: 0.554947 | H39: 0.556952 | I39: 0.551674 | J39: 0.5613 | K39: 0.555087 | L39: 0.551624 | M39: 0.553222 | N39: 0.554123 | O39: 0.557062 | P39: 0.558481 | Q39: 0.553945 | R39: 0.54963 | S39: 0.547598 | T39: 0.559567 | U39: 0.558777 | V39: 0.552417 | W39: 0.55584 | X39: 0.557152 | Y39: 0.563583 | Z39: 0.55555 | AA39: 0.549324 | AB39: 0.566173 | AC39: 0.555715 | AD39: 0.56545 | AE39: 0.563236 | AF39: 0.557048 | AG39: 0.554587 | AH39: 0.550821
C40: 4 | D40: =AVERAGE(E40:AH40) -> 0.4028276 | E40: 0.388118 | F40: 0.400557 | G40: 0.4007 | H40: 0.398232 | I40: 0.397731 | J40: 0.401258 | K40: 0.397571 | L40: 0.39784 | M40: 0.405958 | N40: 0.40147 | O40: 0.394933 | P40: 0.393234 | Q40: 0.393126 | R40: 0.39952 | S40: 0.402694 | T40: 0.403889 | U40: 0.406179 | V40: 0.400929 | W40: 0.400098 | X40: 0.395942 | Y40: 0.395718 | Z40: 0.39023 | AA40: 0.396853 | AB40: 0.397928 | AC40: 0.401177 | AD40: 0.39845 | AE40: 0.524058 | AF40: 0.39746 | AG40: 0.399363 | AH40: 0.403612
C41: 8 | D41: =AVERAGE(E41:AH41) -> 0.39467367 | E41: 0.400723 | F41: 0.394112 | G41: 0.382222 | H41: 0.38271 | I41: 0.394923 | J41: 0.39371 | K41: 0.396683 | L41: 0.412483 | M41: 0.403884 | N41: 0.395589 | O41: 0.396182 | P41: 0.399243 | Q41: 0.396247 | R41: 0.384524 | S41: 0.383421 | T41: 0.399925 | U41: 0.391924 | V41: 0.400851 | W41: 0.39766 | X41: 0.389557 | Y41: 0.402661 | Z41: 0.396942 | AA41: 0.399728 | AB41: 0.396073 | AC41: 0.384529 | AD41: 0.388135 | AE41: 0.385727 | AF41: 0.393225 | AG41: 0.398315 | AH41: 0.398302
C42: 16 | D42: =AVERAGE(E42:AH42) -> 0.39026837 | E42: 0.403157 | F42: 0.391113 | G42: 0.395585 | H42: 0.390299 | I42: 0.389364 | J42: 0.384658 | K42: 0.388848 | L42: 0.385949 | M42: 0.387956 | N42: 0.38353 | O42: 0.388813 | P42: 0.383825 | Q42: 0.388544 | R42: 0.397316 | S42: 0.39602 | T42: 0.385914 | U42: 0.389069 | V42: 0.382727 | W42: 0.382967 | X42: 0.39138 | Y42: 0.380557 | Z42: 0.393232 | AA42: 0.386841 | AB42: 0.393532 | AC42: 0.406823 | AD42: 0.393338 | AE42: 0.396941 | AF42: 0.389305 | AG42: 0.392582 | AH42: 0.387866
B43: 2000 | C43: 1 | D43: =AVERAGE(E43:AH43) -> 11.179702 | E43: 11.088046 | F43: 12.093377 | G43: 11.946952 | H43: 11.923216 | I43: 11.086385 | J43: 11.186566 | K43: 11.056782 | L43: 11.037508 | M43: 10.957324 | N43: 11.027581 | O43: 11.038409 | P43: 11.010277 | Q43: 11.024141 | R43: 11.419811 | S43: 11.457186 | T43: 10.995088 | U43: 11.042973 | V43: 10.998209 | W43: 11.126568 | X43: 10.938626 | Y43: 11.059332 | Z43: 10.967379 | AA43: 11.078491 | AB43: 11.007545 | AC43: 11.016711 | AD43: 11.057756 | AE43: 11.191583 | AF43: 11.489692 | AG43: 11.012228 | AH43: 11.055322
C44: 2 | D44: =AVERAGE(E44:AH44) -> 7.131837 | E44: 7.067765 | F44: 7.085929 | G44: 7.091973 | H44: 7.09728 | I44: 7.17707 | J44: 7.111451 | K44: 7.173309 | L44: 7.160969 | M44: 7.126434 | N44: 7.106343 | O44: 7.139046 | P44: 7.185954 | Q44: 7.156939 | R44: 7.151574 | S44: 7.107683 | T44: 7.117525 | U44: 7.137657 | V44: 7.131465 | W44: 7.260239 | X44: 7.136945 | Y44: 7.104405 | Z44: 7.104975 | AA44: 7.155785 | AB44: 7.108649 | AC44: 7.112188 | AD44: 7.107083 | AE44: 7.175655 | AF44: 7.106139 | AG44: 7.152577 | AH44: 7.104103
C45: 4 | D45: =AVERAGE(E45:AH45) -> 4.8582227 | E45: 4.941389 | F45: 4.847284 | G45: 4.843386 | H45: 4.825294 | I45: 4.844083 | J45: 4.836883 | K45: 4.824411 | L45: 4.827438 | M45: 4.855497 | N45: 4.833781 | O45: 4.859134 | P45: 4.83743 | Q45: 4.845944 | R45: 4.853551 | S45: 4.842424 | T45: 4.829349 | U45: 4.931068 | V45: 5.139183 | W45: 4.831451 | X45: 4.843036 | Y45: 4.832933 | Z45: 4.821597 | AA45: 4.8243 | AB45: 4.838161 | AC45: 4.875174 | AD45: 4.869011 | AE45: 4.858678 | AF45: 4.849005 | AG45: 4.837264 | AH45: 4.848542
C46: 8 | D46: =AVERAGE(E46:AH46) -> 4.7284991 | E46: 4.842665 | F46: 4.721584 | G46: 4.745519 | H46: 4.825865 | I46: 4.957488 | J46: 4.709791 | K46: 4.673082 | L46: 4.685206 | M46: 4.692134 | N46: 5.048225 | O46: 4.700453 | P46: 4.707346 | Q46: 4.740268 | R46: 4.693284 | S46: 4.665565 | T46: 4.628111 | U46: 4.674945 | V46: 4.65487 | W46: 4.764136 | X46: 4.704169 | Y46: 4.660848 | Z46: 4.77961 | AA46: 4.675927 | AB46: 4.681489 | AC46: 4.753577 | AD46: 4.629714 | AE46: 4.70116 | AF46: 4.583376 | AG46: 4.686694 | AH46: 4.867871
C47: 16 | D47: =AVERAGE(E47:AH47) -> 6.9262384 | E47: 6.685119 | F47: 7.01945 | G47: 6.769763 | H47: 6.688357 | I47: 6.834376 | J47: 7.001952 | K47: 6.81193 | L47: 7.198179 | M47: 7.279821 | N47: 6.453369 | O47: 6.571979 | P47: 6.913064 | Q47: 6.945018 | R47: 7.065259 | S47: 6.880405 | T47: 6.844291 | U47: 6.991812 | V47: 6.721255 | W47: 7.031174 | X47: 7.193391 | Y47: 6.82061 | Z47: 7.230296 | AA47: 6.685519 | AB47: 7.203762 | AC47: 6.994984 | AD47: 6.686825 | AE47: 7.027488 | AF47: 7.651573 | AG47: 6.761453 | AH47: 6.824678
B48: 4000 | C48: 1 | D48: =AVERAGE(E48:AH48) -> 194.2735 | E48: 190.87251 | F48: 193.04768 | G48: 193.73012 | H48: 200.38881 | I48: 192.2552 | J48: 190.32107 | K48: 195.18901 | L48: 196.64112 | M48: 191.11547 | N48: 191.6166 | O48: 191.32703 | P48: 193.02355 | Q48: 191.74464 | R48: 192.81074 | S48: 197.65121 | T48: 194.63432 | U48: 191.22571 | V48: 194.5523 | W48: 194.48463 | X48: 197.08768 | Y48: 195.03342 | Z48: 192.19086 | AA48: 204.55875 | AB48: 192.3051 | AC48: 197.4011 | AD48: 192.91475 | AE48: 194.19263 | AF48: 192.48005 | AG48: 195.88843 | AH48: 197.52062
C49: 2 | D49: =AVERAGE(E49:AH49) -> 118.13 | E49: 117.26969 | F49: 120.06819 | G49: 117.22942 | H49: 116.83205 | I49: 116.91035 | J49: 117.97886 | K49: 120.96777 | L49: 116.19412 | M49: 116.22798 | N49: 116.59746 | O49: 117.06496 | P49: 117.09296 | Q49: 119.5268 | R49: 118.60818 | S49: 118.5104 | T49: 117.72361 | U49: 118.34965 | V49: 116.6538 | W49: 117.14468 | X49: 119.7338 | Y49: 120.67264 | Z49: 116.84729 | AA49: 117.06372 | AB49: 124.66883 | AC49: 118.86444 | AD49: 116.63705 | AE49: 116.93439 | AF49: 116.14475 | AG49: 121.24925 | AH49: 118.13284
C50: 4 | D50: =AVERAGE(E50:AH50) -> 83.233264 | E50: 84.136825 | F50: 82.73707 | G50: 83.518668 | H50: 83.784385 | I50: 83.851638 | J50: 82.952671 | K50: 82.235567 | L50: 82.649768 | M50: 83.512654 | N50: 82.278322 | O50: 82.520122 | P50: 82.184795 | Q50: 83.110811 | R50: 82.651517 | S50: 82.896615 | T50: 82.117764 | U50: 84.284343 | V50: 84.744341 | W50: 86.765459 | X50: 81.704854 | Y50: 81.928111 | Z50: 84.334586 | AA50: 85.393696 | AB50: 84.525749 | AC50: 81.930692 | AD50: 82.042695 | AE50: 83.066699 | AF50: 83.12005 | AG50: 82.6358 | AH50: 83.381642
C51: 8 | D51: =AVERAGE(E51:AH51) -> 81.244809 | E51: 80.477172 | F51: 78.104967 | G51: 80.172929 | H51: 82.503566 | I51: 80.815217 | J51: 79.823145 | K51: 80.228807 | L51: 79.623987 | M51: 82.425641 | N51: 80.471862 | O51: 75.956202 | P51: 81.74985 | Q51: 79.645934 | R51: 82.172585 | S51: 85.038347 | T51: 82.936165 | U51: 76.879523 | V51: 82.287668 | W51: 82.638247 | X51: 81.973137 | Y51: 82.601254 | Z51: 79.117304 | AA51: 84.689089 | AB51: 81.212166 | AC51: 83.897644 | AD51: 80.994069 | AE51: 83.464807 | AF51: 82.4928 | AG51: 80.432236 | AH51: 82.517957
C52: 16 | D52: =AVERAGE(E52:AH52) -> 84.494165 | E52: 84.374501 | F52: 84.327827 | G52: 84.074357 | H52: 84.721351 | I52: 84.32243 | J52: 83.856887 | K52: 83.752193 | L52: 84.221018 | M52: 84.792386 | N52: 84.291609 | O52: 83.717369 | P52: 83.578774 | Q52: 84.334883 | R52: 84.883911 | S52: 84.110285 | T52: 84.30817 | U52: 84.113522 | V52: 88.484064 | W52: 84.371599 | X52: 84.389159 | Y52: 84.209255 | Z52: 84.573967 | AA52: 84.638339 | AB52: 84.28674 | AC52: 84.380383 | AD52: 83.733471 | AE52: 84.156476 | AF52: 83.935341 | AG52: 85.579837 | AH52: 86.304837

Sheet Rendimiento_PC_3
B4: Calculo de Rendimiento Promedio con Matrices e hilos definidos en segundos | F4: PC 3
B7: Matrices | C7: Hilos | D7: Promedio | E7: Iter1 | F7: Iter2 | G7: Iter3 | H7: Iter4 | I7: Iter5 | J7: Iter6 | K7: Iter7 | L7: Iter8 | M7: Iter9 | N7: Iter10 | O7: Iter11 | P7: Iter12 | Q7: Iter13 | R7: Iter14 | S7: Iter15 | T7: Iter16 | U7: Iter17 | V7: Iter18 | W7: Iter19 | X7: Iter20 | Y7: Iter21 | Z7: Iter22 | AA7: Iter23 | AB7: Iter24 | AC7: Iter25 | AD7: Iter26 | AE7: Iter27 | AF7: Iter28 | AG7: Iter29 | AH7: Iter30
A8: mmClasicaFork (s) | B8: 1000 | C8: 1 | D8: =AVERAGE(E8:AH8) -> 4.4296479 | E8: 4.895675 | F8: 3.544008 | G8: 4.882682 | H8: 4.348429 | I8: 3.874759 | J8: 4.54977 | K8: 4.558123 | L8: 4.518869 | M8: 4.475893 | N8: 4.375157 | O8: 4.44104 | P8: 4.486574 | Q8: 4.534959 | R8: 4.458364 | S8: 4.44561 | T8: 4.424964 | U8: 4.405927 | V8: 4.434014 | W8: 4.457507 | X8: 4.548449 | Y8: 4.454075 | Z8: 4.393736 | AA8: 4.380511 | AB8: 4.524613 | AC8: 4.433263 | AD8: 4.304929 | AE8: 4.466288 | AF8: 4.377879 | AG8: 4.444042 | AH8: 4.449329
C9: 2 | D9: =AVERAGE(E9:AH9) -> 2.1563045 | E9: 2.219862 | F9: 2.116584 | G9: 2.165206 | H9: 2.171408 | I9: 2.158597 | J9: 2.177241 | K9: 2.119986 | L9: 2.211342 | M9: 2.301726 | N9: 2.14151 | O9: 2.069254 | P9: 2.095806 | Q9: 2.173586 | R9: 2.120024 | S9: 2.133883 | T9: 2.211637 | U9: 2.26039 | V9: 2.108886 | W9: 2.132702 | X9: 2.151631 | Y9: 2.142218 | Z9: 2.13936 | AA9: 2.385598 | AB9: 2.118608 | AC9: 2.160831 | AD9: 2.079191 | AE9: 2.107107 | AF9: 2.09261 | AG9: 2.072314 | AH9: 2.150036
C10: 4 | D10: =AVERAGE(E10:AH10) -> 1.019896 | E10: 1.063269 | F10: 1.015322 | G10: 1.007491 | H10: 1.004065 | I10: 1.017159 | J10: 1.0147 | K10: 1.04487 | L10: 1.026107 | M10: 1.029957 | N10: 1.01907 | O10: 1.009003 | P10: 1.005763 | Q10: 1.026499 | R10: 1.026359 | S10: 1.013974 | T10: 1.010705 | U10: 1.022954 | V10: 1.016322 | W10: 1.008773 | X10: 1.00905 | Y10: 1.064425 | Z10: 1.031053 | AA10: 1.010489 | AB10: 1.012962 | AC10: 1.012917 | AD10: 1.023786 | AE10: 1.014882 | AF10: 1.00254 | AG10: 1.027648 | AH10: 1.004765
C11: 8 | D11: =AVERAGE(E11:AH11) -> 1.0115513 | E11: 1.017933 | F11: 0.96037 | G11: 1.032878 | H11: 1.031654 | I11: 0.9751 | J11: 1.024966 | K11: 1.02188 | L11: 1.027311 | M11: 1.014432 | N11: 0.985175 | O11: 0.95621 | P11: 0.9846 | Q11: 1.022431 | R11: 0.96256 | S11: 1.021104 | T11: 1.047453 | U11: 1.013649 | V11: 1.011638 | W11: 1.016392 | X11: 0.974027 | Y11: 0.969355 | Z11: 1.016404 | AA11: 1.026439 | AB11: 1.038225 | AC11: 1.045455 | AD11: 1.058814 | AE11: 0.993787 | AF11: 1.025821 | AG11: 1.042912 | AH11: 1.027564
C12: 16 | D12: =AVERAGE(E12:AH12) -> 1.0302299 | E12: 1.016655 | F12: 0.967014 | G12: 0.976216 | H12: 1.054019 | I12: 1.004761 | J12: 1.060799 | K12: 1.050977 | L12: 1.050158 | M12: 1.054721 | N12: 0.993527 | O12: 0.967265 | P12: 1.043327 | Q12: 1.076541 | R12: 1.06279 | S12: 1.021318 | T12: 1.045747 | U12: 1.035364 | V12: 0.976172 | W12: 1.057653 | X12: 1.069431 | Y12: 1.047171 | Z12: 1.043317 | AA12: 1.059864 | AB12: 0.956848 | AC12: 1.023162 | AD12: 1.037303 | AE12: 1.025758 | AF12: 1.061663 | AG12: 1.036047 | AH12: 1.031309
B13: 2000 | C13: 1 | D13: =AVERAGE(E13:AH13) -> 48.328844 | E13: 48.892947 | F13: 48.320069 | G13: 50.712014 | H13: 45.849341 | I13: 47.088149 | J13: 49.007171 | K13: 47.878933 | L13: 48.24662 | M13: 47.050474 | N13: 47.720657 | O13: 46.982677 | P13: 51.247662 | Q13: 48.448391 | R13: 47.774984 | S13: 45.823218 | T13: 52.615127 | U13: 46.74346 | V13: 48.273949 | W13: 51.66721 | X13: 46.51422 | Y13: 45.016237 | Z13: 49.495935 | AA13: 49.1155 | AB13: 46.522632 | AC13: 48.11271 | AD13: 47.983281 | AE13: 47.184108 | AF13: 48.976375 | AG13: 51.5649 | AH13: 49.036373
C14: 2 | D14: =AVERAGE(E14:AH14) -> 24.904403 | E14: 24.921109 | F14: 26.027854 | G14: 24.998351 | H14: 24.124261 | I14: 26.522389 | J14: 23.025408 | K14: 25.750421 | L14: 25.876239 | M14: 24.081175 | N14: 23.834626 | O14: 25.498155 | P14: 25.887864 | Q14: 24.977038 | R14: 26.548337 | S14: 24.155694 | T14: 23.338014 | U14: 24.973732 | V14: 25.072149 | W14: 25.167857 | X14: 25.130497 | Y14: 24.062511 | Z14: 22.523541 | AA14: 24.021353 | AB14: 23.884564 | AC14: 25.868425 | AD14: 26.004326 | AE14: 25.177475 | AF14: 25.289678 | AG14: 25.263002 | AH14: 25.126035
C15: 4 | D15: =AVERAGE(E15:AH15) -> 12.400948 | E15: 12.615816 | F15: 12.315232 | G15: 12.453484 | H15: 12.744252 | I15: 12.107526 | J15: 12.381531 | K15: 12.565343 | L15: 11.730083 | M15: 12.333455 | N15: 12.770208 | O15: 12.646901 | P15: 12.011872 | Q15: 11.764396 | R15: 12.568385 | S15: 12.795002 | T15: 12.319965 | U15: 12.16258 | V15: 12.693324 | W15: 12.900906 | X15: 12.38356 | Y15: 12.823616 | Z15: 12.573542 | AA15: 12.737965 | AB15: 11.887287 | AC15: 12.36314 | AD15: 12.354934 | AE15: 12.073764 | AF15: 12.978706 | AG15: 11.58029 | AH15: 12.391376
C16: 8 | D16: =AVERAGE(E16:AH16) -> 11.578498 | E16: 10.900333 | F16: 11.645832 | G16: 11.855089 | H16: 11.132054 | I16: 11.969806 | J16: 11.916684 | K16: 10.92035 | L16: 11.84096 | M16: 12.222705 | N16: 11.056685 | O16: 12.123046 | P16: 11.597794 | Q16: 11.738605 | R16: 11.294058 | S16: 11.807159 | T16: 11.365529 | U16: 11.302934 | V16: 11.314886 | W16: 11.659459 | X16: 11.621287 | Y16: 10.994833 | Z16: 11.308213 | AA16: 11.824875 | AB16: 11.305539 | AC16: 11.832618 | AD16: 11.611953 | AE16: 11.362556 | AF16: 12.002658 | AG16: 12.126085 | AH16: 11.700366
C17: 16 | D17: =AVERAGE(E17:AH17) -> 11.460496 | E17: 11.546866 | F17: 12.07663 | G17: 12.009851 | H17: 11.19186 | I17: 11.494085 | J17: 11.825036 | K17: 11.223098 | L17: 11.659629 | M17: 11.357532 | N17: 11.166707 | O17: 10.757526 | P17: 11.622568 | Q17: 11.651915 | R17: 10.470928 | S17: 11.882646 | T17: 11.639362 | U17: 11.62093 | V17: 11.697395 | W17: 11.007373 | X17: 11.05061 | Y17: 11.501774 | Z17: 11.017885 | AA17: 11.676422 | AB17: 12.079645 | AC17: 10.996758 | AD17: 12.101214 | AE17: 12.222651 | AF17: 11.389467 | AG17: 10.504226 | AH17: 11.37229
B18: 4000 | C18: 1 | D18: =AVERAGE(E18:AH18) -> 663.00071 | E18: 653.08754 | F18: 641.84152 | G18: 651.17536 | H18: 650.65004 | I18: 639.01595 | J18: 646.946 | K18: 682.41648 | L18: 649.88105 | M18: 644.51779 | N18: 626.03643 | O18: 689.03215 | P18: 697.53439 | Q18: 673.65839 | R18: 676.4314 | S18: 674.07768 | T18: 666.87789 | U18: 690.27563 | V18: 656.46949 | W18: 658.14514 | X18: 665.46989 | Y18: 663.69932 | Z18: 665.26256 | AA18: 652.3325 | AB18: 668.12593 | AC18: 661.86853 | AD18: 675.0641 | AE18: 681.96462 | AF18: 655.00446 | AG18: 666.58678 | AH18: 666.57232
C19: 2 | D19: =AVERAGE(E19:AH19) -> 330.03593 | E19: 336.29147 | F19: 341.31596 | G19: 331.82544 | H19: 340.87986 | I19: 330.29411 | J19: 329.64927 | K19: 327.63582 | L19: 342.17532 | M19: 339.13725 | N19: 331.28907 | O19: 327.74612 | P19: 340.71278 | Q19: 327.72388 | R19: 323.82816 | S19: 327.69109 | T19: 334.07147 | U19: 325.152 | V19: 333.16465 | W19: 330.37439 | X19: 316.22414 | Y19: 330.81365 | Z19: 322.72287 | AA19: 330.77372 | AB19: 320.70958 | AC19: 318.39059 | AD19: 317.31723 | AE19: 324.54733 | AF19: 339.35475 | AG19: 329.08488 | AH19: 330.18098
C20: 4 | D20: =AVERAGE(E20:AH20) -> 161.7735 | E20: 164.29695 | F20: 163.72076 | G20: 170.60604 | H20: 166.70043 | I20: 166.72018 | J20: 165.36703 | K20: 160.53523 | L20: 160.23869 | M20: 157.50168 | N20: 159.59779 | O20: 162.91941 | P20: 159.87766 | Q20: 155.46178 | R20: 158.64697 | S20: 165.81925 | T20: 162.06191 | U20: 160.01067 | V20: 156.94544 | W20: 163.27878 | X20: 154.45887 | Y20: 165.03814 | Z20: 158.11931 | AA20: 165.63584 | AB20: 159.77886 | AC20: 161.15666 | AD20: 162.05445 | AE20: 162.51894 | AF20: 163.00232 | AG20: 160.5147 | AH20: 160.62031
C21: 8 | D21: =AVERAGE(E21:AH21) -> 159.41807 | E21: 155.35494 | F21: 155.64541 | G21: 158.80439 | H21: 152.92198 | I21: 158.73879 | J21: 158.32695 | K21: 156.2488 | L21: 160.10506 | M21: 160.2222 | N21: 159.46316 | O21: 162.60511 | P21: 164.32664 | Q21: 166.03032 | R21: 163.93685 | S21: 160.05061 | T21: 155.07515 | U21: 162.78993 | V21: 158.05141 | W21: 159.81662 | X21: 160.39689 | Y21: 161.23131 | Z21: 161.73759 | AA21: 160.71168 | AB21: 157.66965 | AC21: 160.51944 | AD21: 157.99614 | AE21: 157.37776 | AF21: 162.33546 | AG21: 158.71435 | AH21: 155.33744
C22: 16 | D22: =AVERAGE(E22:AH22) -> 162.29786 | E22: 161.03654 | F22: 159.73215 | G22: 164.42077 | H22: 162.70837 | I22: 163.86482 | J22: 158.74832 | K22: 156.46875 | L22: 163.83975 | M22: 155.23665 | N22: 161.93942 | O22: 161.90314 | P22: 162.26855 | Q22: 164.94416 | R22: 162.41132 | S22: 166.18593 | T22: 164.39609 | U22: 162.37638 | V22: 159.39469 | W22: 157.08226 | X22: 154.27239 | Y22: 156.29951 | Z22: 164.45159 | AA22: 171.32576 | AB22: 173.38691 | AC22: 170.1478 | AD22: 161.98182 | AE22: 167.86559 | AF22: 165.57259 | AG22: 156.67668 | AH22: 157.99713
A23: mmClasicaPosix (s) | B23: 1000 | C23: 1 | D23: =AVERAGE(E23:AH23) -> 4.3784989 | E23: 3.894569 | F23: 4.53973 | G23: 4.402795 | H23: 4.361489 | I23: 4.558233 | J23: 4.505895 | K23: 4.319173 | L23: 4.442603 | M23: 4.408692 | N23: 3.82955 | O23: 4.385626 | P23: 4.307126 | Q23: 4.363308 | R23: 4.444533 | S23: 4.386108 | T23: 4.308628 | U23: 4.289859 | V23: 4.337694 | W23: 4.266421 | X23: 4.439064 | Y23: 4.726234 | Z23: 4.358671 | AA23: 4.529508 | AB23: 4.390163 | AC23: 4.408003 | AD23: 4.443537 | AE23: 4.501291 | AF23: 4.375613 | AG23: 4.48595 | AH23: 4.344901
C24: 2 | D24: =AVERAGE(E24:AH24) -> 2.1949989 | E24: 2.160508 | F24: 2.213578 | G24: 2.14118 | H24: 2.133523 | I24: 2.211299 | J24: 2.101912 | K24: 2.162488 | L24: 2.163145 | M24: 2.170898 | N24: 2.085813 | O24: 2.187355 | P24: 2.200749 | Q24: 2.121491 | R24: 2.098466 | S24: 2.140007 | T24: 2.148812 | U24: 2.538349 | V24: 2.394557 | W24: 2.113716 | X24: 2.175553 | Y24: 2.118881 | Z24: 2.170051 | AA24: 2.280988 | AB24: 2.225634 | AC24: 2.167498 | AD24: 2.178467 | AE24: 2.211895 | AF24: 2.431991 | AG24: 2.158415 | AH24: 2.242747
C25: 4 | D25: =AVERAGE(E25:AH25) -> 1.0250663 | E25: 0.997486 | F25: 1.008694 | G25: 1.005726 | H25: 1.006348 | I25: 1.022764 | J25: 1.015307 | K25: 1.016932 | L25: 1.02521 | M25: 1.005377 | N25: 1.044241 | O25: 1.019069 | P25: 1.035163 | Q25: 1.018585 | R25: 1.034186 | S25: 1.08208 | T25: 1.011085 | U25: 1.034907 | V25: 1.037909 | W25: 1.025477 | X25: 1.0265 | Y25: 1.018927 | Z25: 1.010752 | AA25: 1.037631 | AB25: 1.017674 | AC25: 1.044449 | AD25: 1.01428 | AE25: 1.059845 | AF25: 1.029101 | AG25: 1.026627 | AH25: 1.019658
C26: 8 | D26: =AVERAGE(E26:AH26) -> 0.99683217 | E26: 1.024662 | F26: 1.082208 | G26: 1.012825 | H26: 0.974474 | I26: 1.018359 | J26: 1.019653 | K26: 1.030006 | L26: 1.025438 | M26: 1.01668 | N26: 1.042771 | O26: 1.016801 | P26: 1.014793 | Q26: 0.954277 | R26: 0.926451 | S26: 0.986228 | T26: 0.9968 | U26: 1.014067 | V26: 0.998939 | W26: 1.025011 | X26: 1.017701 | Y26: 0.95053 | Z26: 1.008484 | AA26: 1.017914 | AB26: 1.01361 | AC26: 0.946082 | AD26: 0.924226 | AE26: 0.939321 | AF26: 0.938092 | AG26: 0.937981 | AH26: 1.030581
C27: 16 | D27: =AVERAGE(E27:AH27) -> 0.98947897 | E27: 0.998863 | F27: 1.013058 | G27: 0.993192 | H27: 1.012089 | I27: 0.986842 | J27: 0.995731 | K27: 0.995796 | L27: 1.002185 | M27: 1.00008 | N27: 1.022307 | O27: 1.038502 | P27: 0.931045 | Q27: 0.999534 | R27: 0.996918 | S27: 0.988817 | T27: 0.990529 | U27: 0.995171 | V27: 0.993748 | W27: 0.927545 | X27: 1.012526 | Y27: 0.999136 | Z27: 0.993866 | AA27: 0.999004 | AB27: 0.999295 | AC27: 0.874684 | AD27: 1.015288 | AE27: 0.992545 | AF27: 0.930929 | AG27: 0.98899 | AH27: 0.996154
B28: 2000 | C28: 1 | D28: =AVERAGE(E28:AH28) -> 49.615454 | E28: 48.800895 | F28: 50.911453 | G28: 50.20734 | H28: 53.188872 | I28: 50.764995 | J28: 47.599295 | K28: 50.817923 | L28: 50.5169 | M28: 53.723513 | N28: 47.666707 | O28: 46.872705 | P28: 47.836435 | Q28: 50.178167 | R28: 51.324128 | S28: 47.266585 | T28: 48.790331 | U28: 50.778131 | V28: 47.510362 | W28: 52.790786 | X28: 46.692498 | Y28: 51.301706 | Z28: 47.850317 | AA28: 47.764789 | AB28: 48.819999 | AC28: 50.294329 | AD28: 49.801347 | AE28: 51.695259 | AF28: 46.40351 | AG28: 48.745758 | AH28: 51.548588
C29: 2 | D29: =AVERAGE(E29:AH29) -> 25.284004 | E29: 26.155646 | F29: 25.584297 | G29: 24.619025 | H29: 25.361151 | I29: 25.77257 | J29: 26.538998 | K29: 24.936976 | L29: 24.615028 | M29: 23.726036 | N29: 23.657112 | O29: 25.534191 | P29: 25.118549 | Q29: 26.058368 | R29: 25.28632 | S29: 24.82414 | T29: 25.338436 | U29: 26.185733 | V29: 26.277765 | W29: 26.169358 | X29: 25.985542 | Y29: 24.375137 | Z29: 27.207919 | AA29: 26.11321 | AB29: 22.783323 | AC29: 24.231845 | AD29: 26.607939 | AE29: 25.442561 | AF29: 24.614473 | AG29: 23.899202 | AH29: 25.499279
C30: 4 | D30: =AVERAGE(E30:AH30) -> 12.308007 | E30: 12.067914 | F30: 11.939016 | G30: 12.62816 | H30: 11.994159 | I30: 11.787282 | J30: 12.331996 | K30: 12.385071 | L30: 12.380433 | M30: 12.553522 | N30: 11.950899 | O30: 13.742754 | P30: 12.511842 | Q30: 12.55915 | R30: 11.775255 | S30: 12.348596 | T30: 12.404712 | U30: 12.248075 | V30: 11.911011 | W30: 12.496449 | X30: 12.555212 | Y30: 11.919409 | Z30: 12.471063 | AA30: 12.316554 | AB30: 12.202389 | AC30: 11.867386 | AD30: 12.38268 | AE30: 12.376079 | AF30: 12.215656 | AG30: 12.189006 | AH30: 12.72847
C31: 8 | D31: =AVERAGE(E31:AH31) -> 11.396806 | E31: 11.306753 | F31: 10.057614 | G31: 11.592542 | H31: 11.197924 | I31: 11.525465 | J31: 11.570779 | K31: 11.231315 | L31: 11.033212 | M31: 10.628985 | N31: 11.072369 | O31: 11.535294 | P31: 10.961875 | Q31: 11.594452 | R31: 10.929385 | S31: 11.529717 | T31: 11.957986 | U31: 11.122382 | V31: 11.633907 | W31: 12.010163 | X31: 11.60145 | Y31: 11.692523 | Z31: 11.63818 | AA31: 11.740495 | AB31: 11.050484 | AC31: 11.697897 | AD31: 11.729204 | AE31: 11.251826 | AF31: 11.339277 | AG31: 11.716668 | AH31: 11.954071
C32: 16 | D32: =AVERAGE(E32:AH32) -> 11.130576 | E32: 11.615015 | F32: 10.660603 | G32: 11.61525 | H32: 11.047433 | I32: 11.041361 | J32: 11.55696 | K32: 11.819961 | L32: 10.936159 | M32: 11.517802 | N32: 11.356068 | O32: 11.379702 | P32: 11.475803 | Q32: 10.823514 | R32: 11.02769 | S32: 10.485744 | T32: 11.163783 | U32: 10.472686 | V32: 11.240928 | W32: 10.572502 | X32: 10.566433 | Y32: 10.85012 | Z32: 10.75119 | AA32: 10.685898 | AB32: 10.580922 | AC32: 10.947383 | AD32: 10.834141 | AE32: 11.632085 | AF32: 12.856143 | AG32: 11.203894 | AH32: 11.200097
B33: 4000 | C33: 1 | D33: =AVERAGE(E33:AH33) -> 674.78324 | E33: 668.57228 | F33: 663.17966 | G33: 673.97789 | H33: 668.84251 | I33: 660.16251 | J33: 663.0974 | K33: 666.92631 | L33: 667.05034 | M33: 682.24943 | N33: 691.18002 | O33: 668.50228 | P33: 677.80649 | Q33: 674.3745 | R33: 672.12409 | S33: 677.97142 | T33: 674.71252 | U33: 660.5963 | V33: 684.39191 | W33: 693.59923 | X33: 689.54128 | Y33: 676.47018 | Z33: 655.32623 | AA33: 681.40389 | AB33: 689.46434 | AC33: 657.18329 | AD33: 664.24589 | AE33: 674.86608 | AF33: 684.8579 | AG33: 693.15062 | AH33: 687.67048
C34: 2 | D34: =AVERAGE(E34:AH34) -> 335.44528 | E34: 333.0578 | F34: 341.88393 | G34: 330.55937 | H34: 331.38837 | I34: 341.16278 | J34: 334.59286 | K34: 348.392 | L34: 335.42891 | M34: 346.58349 | N34: 329.37682 | O34: 342.11792 | P34: 334.34134 | Q34: 329.85576 | R34: 331.56488 | S34: 330.84274 | T34: 345.45827 | U34: 341.32099 | V34: 339.34745 | W34: 332.11991 | X34: 328.77487 | Y34: 337.03262 | Z34: 339.26636 | AA34: 331.85321 | AB34: 332.93977 | AC34: 342.85469 | AD34: 330.11123 | AE34: 331.96202 | AF34: 329.73835 | AG34: 326.52341 | AH34: 332.90615
C35: 4 | D35: =AVERAGE(E35:AH35) -> 165.56758 | E35: 163.40842 | F35: 162.16351 | G35: 168.26484 | H35: 165.34017 | I35: 160.92347 | J35: 166.59295 | K35: 165.41613 | L35: 168.42667 | M35: 162.07971 | N35: 171.30091 | O35: 177.96919 | P35: 168.55634 | Q35: 167.7739 | R35: 172.68972 | S35: 162.25432 | T35: 165.06156 | U35: 164.00159 | V35: 160.99918 | W35: 164.2896 | X35: 163.58627 | Y35: 158.68235 | Z35: 169.71364 | AA35: 164.04231 | AB35: 166.03718 | AC35: 164.8293 | AD35: 170.48494 | AE35: 164.72205 | AF35: 161.68535 | AG35: 165.23396 | AH35: 160.49787
C36: 8 | D36: =AVERAGE(E36:AH36) -> 158.1208 | E36: 153.80249 | F36: 156.38046 | G36: 157.12207 | H36: 157.01205 | I36: 154.94611 | J36: 152.02741 | K36: 157.78552 | L36: 157.71902 | M36: 158.34203 | N36: 158.26501 | O36: 156.16403 | P36: 154.67978 | Q36: 158.77532 | R36: 154.31711 | S36: 155.28949 | T36: 158.96346 | U36: 155.92585 | V36: 156.73928 | W36: 162.7867 | X36: 166.01735 | Y36: 170.32567 | Z36: 165.93088 | AA36: 160.68141 | AB36: 159.35881 | AC36: 160.03096 | AD36: 157.17672 | AE36: 157.08168 | AF36: 155.525 | AG36: 158.00269 | AH36: 156.44966
C37: 16 | D37: =AVERAGE(E37:AH37) -> 159.46165 | E37: 158.47149 | F37: 159.01922 | G37: 160.8496 | H37: 158.08877 | I37: 158.65339 | J37: 158.73983 | K37: 162.36638 | L37: 159.80002 | M37: 162.1578 | N37: 159.57847 | O37: 157.8 | P37: 164.35581 | Q37: 158.63395 | R37: 162.1792 | S37: 160.31361 | T37: 156.30609 | U37: 155.86905 | V37: 158.55934 | W37: 160.458 | X37: 156.26997 | Y37: 155.99646 | Z37: 159.77033 | AA37: 158.7052 | AB37: 163.14011 | AC37: 161.10757 | AD37: 159.47858 | AE37: 157.32919 | AF37: 156.02569 | AG37: 164.45209 | AH37: 159.37434
A38: mmClasicaOpenMP (s) | B38: 1000 | C38: 1 | D38: 1.735568 | E38: 1.70378 | F38: 1.53982 | G38: 1.404936 | H38: 1.728898 | I38: 1.799562 | J38: 1.700397 | K38: 1.722574 | L38: 1.677116 | M38: 1.730508 | N38: 1.758315 | O38: 1.71283 | P38: 1.738168 | Q38: 1.807168 | R38: 1.792604 | S38: 1.737415 | T38: 1.714996 | U38: 1.721123 | V38: 1.71461 | W38: 1.71672 | X38: 1.712641 | Y38: 1.568202 | Z38: 1.755013 | AA38: 1.682459 | AB38: 1.71615 | AC38: 1.790087 | AD38: 1.69337 | AE38: 1.747277 | AF38: 1.68357 | AG38: 1.691176 | AH38: 3.340936
C39: 2 | D39: 0.861166 | E39: 0.857254 | F39: 0.842003 | G39: 0.861151 | H39: 0.849019 | I39: 0.83703 | J39: 0.852176 | K39: 0.937962 | L39: 0.847071 | M39: 0.848525 | N39: 0.854862 | O39: 0.872435 | P39: 0.845027 | Q39: 0.897565 | R39: 0.872394 | S39: 0.855748 | T39: 0.836827 | U39: 0.882239 | V39: 0.949203 | W39: 0.844003 | X39: 0.858285 | Y39: 0.882812 | Z39: 0.966058 | AA39: 0.896236 | AB39: 0.940289 | AC39: 0.93729 | AD39: 0.848295 | AE39: 0.918112 | AF39: 0.943003 | AG39: 0.889833 | AH39: 1.511022
C40: 4 | D40: 0.458044 | E40: 0.436629 | F40: 0.432393 | G40: 0.425286 | H40: 0.418418 | I40: 0.434927 | J40: 0.429248 | K40: 0.429527 | L40: 0.435183 | M40: 0.426158 | N40: 0.427623 | O40: 0.432615 | P40: 0.426542 | Q40: 0.427233 | R40: 0.425828 | S40: 0.422436 | T40: 0.431637 | U40: 0.439673 | V40: 0.423599 | W40: 0.422568 | X40: 0.44982 | Y40: 0.454169 | Z40: 0.461056 | AA40: 0.427893 | AB40: 0.426346 | AC40: 0.426204 | AD40: 0.422879 | AE40: 0.426897 | AF40: 0.418798 | AG40: 0.432723 | AH40: 0.832608
C41: 8 | D41: 0.432278 | E41: 0.440913 | F41: 0.41949 | G41: 0.429188 | H41: 0.396804 | I41: 0.408855 | J41: 0.435794 | K41: 0.413996 | L41: 0.39817 | M41: 0.420687 | N41: 0.430929 | O41: 0.431873 | P41: 0.430567 | Q41: 0.399937 | R41: 0.402282 | S41: 0.422122 | T41: 0.437469 | U41: 0.416128 | V41: 0.426864 | W41: 0.404392 | X41: 0.433638 | Y41: 0.400918 | Z41: 0.417272 | AA41: 0.419857 | AB41: 0.39853 | AC41: 0.40212 | AD41: 0.42341 | AE41: 0.376397 | AF41: 0.360449 | AG41: 0.403591 | AH41: 0.660121
C42: 16 | D42: 0.370895 | E42: 0.373215 | F42: 0.393681 | G42: 0.428428 | H42: 0.395707 | I42: 0.371896 | J42: 0.422332 | K42: 0.42151 | L42: 0.396919 | M42: 0.395629 | N42: 0.424673 | O42: 0.398897 | P42: 0.421721 | Q42: 0.403628 | R42: 0.420601 | S42: 0.42301 | T42: 0.396975 | U42: 0.421698 | V42: 0.37133 | W42: 0.371536 | X42: 0.396987 | Y42: 0.398614 | Z42: 0.394017 | AA42: 0.422903 | AB42: 0.376148 | AC42: 0.400819 | AD42: 0.422322 | AE42: 0.391854 | AF42: 0.394295 | AG42: 0.422452 | AH42: 0.738896
B43: 2000 | C43: 1 | D43: 40.393593 | E43: 37.979843 | F43: 40.417949 | G43: 37.927107 | H43: 35.69522 | I43: 38.446953 | J43: 43.19385 | K43: 39.721844 | L43: 39.063825 | M43: 42.204212 | N43: 34.23654 | O43: 37.929922 | P43: 39.715948 | Q43: 40.539385 | R43: 37.465193 | S43: 36.455514 | T43: 36.878136 | U43: 40.854084 | V43: 38.312469 | W43: 39.127938 | X43: 40.703728 | Y43: 38.282475 | Z43: 35.984167 | AA43: 35.774415 | AB43: 38.763146 | AC43: 39.842476 | AD43: 37.970222 | AE43: 40.554242 | AF43: 41.613978 | AG43: 38.400161 | AH43: 68.665254
C44: 2 | D44: 20.890931 | E44: 21.218743 | F44: 20.94655 | G44: 19.179297 | H44: 19.184097 | I44: 20.060829 | J44: 19.787533 | K44: 20.803519 | L44: 18.115776 | M44: 20.351145 | N44: 19.936241 | O44: 18.194661 | P44: 20.876887 | Q44: 19.035064 | R44: 19.165288 | S44: 19.253258 | T44: 19.645861 | U44: 20.867405 | V44: 17.857517 | W44: 20.89784 | X44: 18.520453 | Y44: 19.561843 | Z44: 19.994767 | AA44: 18.601023 | AB44: 21.359044 | AC44: 18.337015 | AD44: 21.780771 | AE44: 19.65047 | AF44: 20.05003 | AG44: 20.042599 | AH44: 34.151156
C45: 4 | D45: 10.096516 | E45: 9.877728 | F45: 9.983783 | G45: 9.244131 | H45: 9.168614 | I45: 10.026861 | J45: 9.681635 | K45: 9.136896 | L45: 10.343335 | M45: 10.050423 | N45: 9.759301 | O45: 10.113523 | P45: 9.806519 | Q45: 10.475501 | R45: 9.912659 | S45: 10.512309 | T45: 9.680704 | U45: 9.439434 | V45: 9.249766 | W45: 10.420483 | X45: 10.03069 | Y45: 9.558711 | Z45: 9.306552 | AA45: 10.065267 | AB45: 9.954124 | AC45: 9.190015 | AD45: 9.981574 | AE45: 10.439939 | AF45: 9.801865 | AG45: 9.47764 | AH45: 16.552851
C46: 8 | D46: 9.824346 | E46: 9.368515 | F46: 8.724012 | G46: 9.607541 | H46: 9.784584 | I46: 9.09267 | J46: 10.299254 | K46: 10.068586 | L46: 9.060129 | M46: 9.521057 | N46: 9.718551 | O46: 8.69388 | P46: 8.7512 | Q46: 9.794805 | R46: 9.80173 | S46: 9.369133 | T46: 9.516039 | U46: 9.198355 | V46: 9.612125 | W46: 9.814252 | X46: 9.842478 | Y46: 9.593959 | Z46: 9.786168 | AA46: 9.723261 | AB46: 9.046349 | AC46: 9.293562 | AD46: 10.144879 | AE46: 8.728715 | AF46: 8.808441 | AG46: 10.083073 | AH46: 17.296291
C47: 16 | D47: 9.065475 | E47: 9.525287 | F47: 10.220432 | G47: 9.249285 | H47: 9.590295 | I47: 7.649316 | J47: 9.635835 | K47: 8.984885 | L47: 9.486846 | M47: 9.631117 | N47: 9.810568 | O47: 9.214828 | P47: 10.135065 | Q47: 9.402803 | R47: 9.121395 | S47: 9.0643 | T47: 9.109975 | U47: 9.531602 | V47: 8.926778 | W47: 9.525772 | X47: 8.768047 | Y47: 9.337032 | Z47: 8.659769 | AA47: 9.362439 | AB47: 8.574359 | AC47: 9.164089 | AD47: 9.087661 | AE47: 9.1523 | AF47: 9.708194 | AG47: 9.983617 | AH47: 17.606102
B48: 4000 | C48: 1 | D48: 649.56256 | E48: 641.04393 | F48: 644.78325 | G48: 643.56201 | H48: 640.35113 | I48: 662.44962 | J48: 639.65713 | K48: 645.86472 | L48: 650.93246 | M48: 628.23749 | N48: 628.82948 | O48: 632.59617 | P48: 641.60855 | Q48: 647.74452 | R48: 664.31163 | S48: 644.30595 | T48: 632.11233 | U48: 621.67307 | V48: 642.62297 | W48: 623.69388 | X48: 630.69505 | Y48: 627.768 | Z48: 616.78671 | AA48: 618.09297 | AB48: 622.84439 | AC48: 645.0018 | AD48: 647.59355 | AE48: 655.61447 | AF48: 661.21161 | AG48: 638.48068 | AH48: 754.57912
C49: 2 | D49: 319.05141 | E49: 323.06094 | F49: 318.24873 | G49: 314.22819 | H49: 319.043 | I49: 319.26765 | J49: 322.9764 | K49: 312.23943 | L49: 325.21092 | M49: 330.79245 | N49: 320.5176 | O49: 328.36014 | P49: 330.82898 | Q49: 317.13054 | R49: 312.06917 | S49: 318.75483 | T49: 324.93375 | U49: 314.894 | V49: 317.10461 | W49: 317.52053 | X49: 312.3497 | Y49: 318.54962 | Z49: 319.18215 | AA49: 315.71834 | AB49: 315.60004 | AC49: 317.62273 | AD49: 313.17041 | AE49: 322.0122 | AF49: 318.70896 | AG49: 310.01677 | AH49: 377.71383
C50: 4 | D50: 155.84288 | E50: 162.7454 | F50: 159.10897 | G50: 170.2018 | H50: 164.6883 | I50: 161.06602 | J50: 163.22762 | K50: 162.22147 | L50: 157.75226 | M50: 156.70001 | N50: 155.74945 | O50: 154.15979 | P50: 160.14763 | Q50: 156.64916 | R50: 155.80802 | S50: 167.12335 | T50: 156.36265 | U50: 157.73662 | V50: 155.50313 | W50: 152.73186 | X50: 157.42992 | Y50: 150.44483 | Z50: 153.05047 | AA50: 163.70882 | AB50: 160.39062 | AC50: 150.28579 | AD50: 158.13381 | AE50: 156.39414 | AF50: 155.83022 | AG50: 156.88491 | AH50: 190.82313
C51: 8 | D51: 157.0811 | E51: 154.22985 | F51: 153.19746 | G51: 157.57905 | H51: 155.54699 | I51: 151.24718 | J51: 156.79168 | K51: 156.66133 | L51: 158.00929 | M51: 157.53243 | N51: 155.65042 | O51: 155.69459 | P51: 156.18114 | Q51: 159.47557 | R51: 164.07888 | S51: 163.71203 | T51: 160.34313 | U51: 159.72887 | V51: 156.78104 | W51: 157.3278 | X51: 153.97927 | Y51: 150.90559 | Z51: 154.1266 | AA51: 153.35296 | AB51: 156.12413 | AC51: 153.74723 | AD51: 154.97488 | AE51: 153.42307 | AF51: 155.84323 | AG51: 158.91099 | AH51: 205.44792
C52: 16 | D52: 166.22891 | E52: 160.81166 | F52: 159.23406 | G52: 157.49964 | H52: 155.42814 | I52: 156.41804 | J52: 154.48212 | K52: 158.66226 | L52: 153.11708 | M52: 151.3384 | N52: 157.8149 | O52: 157.43476 | P52: 158.5566 | Q52: 157.43775 | R52: 159.64234 | S52: 155.40777 | T52: 155.87625 | U52: 159.01193 | V52: 150.72923 | W52: 154.57035 | X52: 155.07534 | Y52: 159.87976 | Z52: 156.14452 | AA52: 155.09148 | AB52: 151.06723 | AC52: 165.53113 | AD52: 164.76506 | AE52: 156.79974 | AF52: 160.56716 | AG52: 159.28662 | AH52: 193.41682

Sheet Rendimiento_PC_4
B4: Calculo de Rendimiento Promedio con Matrices e hilos definidos en segundos | F4: PC 4
B7: Matrices | C7: Hilos | D7: Promedio | E7: Iter1 | F7: Iter2 | G7: Iter3 | H7: Iter4 | I7: Iter5 | J7: Iter6 | K7: Iter7 | L7: Iter8 | M7: Iter9 | N7: Iter10 | O7: Iter11 | P7: Iter12 | Q7: Iter13 | R7: Iter14 | S7: Iter15 | T7: Iter16 | U7: Iter17 | V7: Iter18 | W7: Iter19 | X7: Iter20 | Y7: Iter21 | Z7: Iter22 | AA7: Iter23 | AB7: Iter24 | AC7: Iter25 | AD7: Iter26 | AE7: Iter27 | AF7: Iter28 | AG7: Iter29 | AH7: Iter30
A8: mmClasicaFork (s) | B8: 1000 | C8: 1 | D8: =AVERAGE(E8:AH8) -> 7.4553247 | E8: 6.419444 | F8: 6.639305 | G8: 6.651617 | H8: 6.650489 | I8: 6.559103 | J8: 6.666126 | K8: 6.328418 | L8: 6.658221 | M8: 6.21079 | N8: 6.585593 | O8: 6.32753 | P8: 6.32666 | Q8: 7.778375 | R8: 7.691211 | S8: 7.590344 | T8: 9.008189 | U8: 9.185719 | V8: 9.765053 | W8: 9.196903 | X8: 8.122765 | Y8: 9.044643 | Z8: 7.505961 | AA8: 7.856015 | AB8: 7.53541 | AC8: 7.363671 | AD8: 7.472465 | AE8: 7.486248 | AF8: 8.058267 | AG8: 7.483986 | AH8: 7.491219
C9: 2 | D9: =AVERAGE(E9:AH9) -> 3.5844654 | E9: 3.796719 | F9: 3.704344 | G9: 3.543573 | H9: 3.676634 | I9: 3.647828 | J9: 3.569534 | K9: 3.63743 | L9: 3.584465 | M9: 3.496141 | N9: 3.438652 | O9: 3.665536 | P9: 3.643568 | Q9: 3.586993 | R9: 3.406849 | S9: 3.431298 | T9: 3.413836 | U9: 3.649551 | V9: 3.627787 | W9: 3.420111 | X9: 3.571111 | Y9: 3.516835 | Z9: 3.698733 | AA9: 3.394149 | AB9: 3.618646 | AC9: 3.663087 | AD9: 3.613273 | AE9: 3.538497 | AF9: 3.622227 | AG9: 3.707121 | AH9: 3.649434
C10: 4 | D10: =AVERAGE(E10:AH10) -> 1.6352786 | E10: 1.620083 | F10: 1.606233 | G10: 1.616059 | H10: 1.653295 | I10: 1.60387 | J10: 1.64222 | K10: 1.601944 | L10: 1.632923 | M10: 1.878233 | N10: 1.613482 | O10: 1.629256 | P10: 1.655611 | Q10: 1.658498 | R10: 1.633507 | S10: 1.648319 | T10: 1.608188 | U10: 1.613264 | V10: 1.624028 | W10: 1.602837 | X10: 1.601658 | Y10: 1.658615 | Z10: 1.636071 | AA10: 1.643608 | AB10: 1.608925 | AC10: 1.653895 | AD10: 1.603314 | AE10: 1.645403 | AF10: 1.606604 | AG10: 1.648497 | AH10: 1.609917
C11: 8 | D11: =AVERAGE(E11:AH11) -> 1.8622389 | E11: 1.90669 | F11: 1.859309 | G11: 1.846434 | H11: 1.931653 | I11: 1.913057 | J11: 1.862073 | K11: 1.940345 | L11: 1.842192 | M11: 1.88099 | N11: 1.825207 | O11: 1.915153 | P11: 1.795367 | Q11: 1.854315 | R11: 1.813874 | S11: 1.876165 | T11: 1.853612 | U11: 1.835226 | V11: 1.87854 | W11: 1.785518 | X11: 1.847637 | Y11: 1.774136 | Z11: 1.876717 | AA11: 1.778761 | AB11: 1.922292 | AC11: 1.854748 | AD11: 1.853704 | AE11: 1.841025 | AF11: 1.894654 | AG11: 1.87812 | AH11: 1.929653
C12: 16 | D12: =AVERAGE(E12:AH12) -> 1.7101013 | E12: 1.638532 | F12: 1.743393 | G12: 1.780472 | H12: 1.670084 | I12: 1.711141 | J12: 1.723223 | K12: 1.691317 | L12: 1.699823 | M12: 1.755301 | N12: 1.710434 | O12: 1.741898 | P12: 1.789547 | Q12: 1.695427 | R12: 1.696751 | S12: 1.696202 | T12: 1.676476 | U12: 1.740265 | V12: 1.720428 | W12: 1.66891 | X12: 1.714813 | Y12: 1.715626 | Z12: 1.695792 | AA12: 1.760768 | AB12: 1.694499 | AC12: 1.708296 | AD12: 1.692155 | AE12: 1.674792 | AF12: 1.698573 | AG12: 1.725069 | AH12: 1.673031
B13: 2000 | C13: 1 | D13: =AVERAGE(E13:AH13) -> 85.013687 | E13: 86.082423 | F13: 84.551274 | G13: 85.821563 | H13: 85.575673 | I13: 86.168874 | J13: 84.040677 | K13: 84.17595 | L13: 85.241161 | M13: 85.354904 | N13: 85.595363 | O13: 84.865392 | P13: 85.742066 | Q13: 86.172922 | R13: 84.912134 | S13: 84.746231 | T13: 84.459127 | U13: 84.797682 | V13: 86.067262 | W13: 84.762857 | X13: 83.598348 | Y13: 83.556996 | Z13: 84.822689 | AA13: 85.26675 | AB13: 84.341215 | AC13: 84.974591 | AD13: 84.547996 | AE13: 85.448742 | AF13: 84.829421 | AG13: 84.211675 | AH13: 85.678648
C14: 2 | D14: =AVERAGE(E14:AH14) -> 38.241326 | E14: 38.783182 | F14: 37.525726 | G14: 38.57559 | H14: 36.542501 | I14: 37.512884 | J14: 41.30552 | K14: 39.14561 | L14: 36.826104 | M14: 37.057029 | N14: 38.864716 | O14: 36.713333 | P14: 40.40255 | Q14: 37.751124 | R14: 39.597587 | S14: 37.283073 | T14: 38.252601 | U14: 37.896814 | V14: 39.595192 | W14: 39.373341 | X14: 37.690785 | Y14: 38.441588 | Z14: 38.171994 | AA14: 38.285721 | AB14: 38.001331 | AC14: 37.882204 | AD14: 38.785434 | AE14: 37.204311 | AF14: 36.675955 | AG14: 39.884422 | AH14: 37.211554
C15: 4 | D15: =AVERAGE(E15:AH15) -> 16.38883 | E15: 16.120454 | F15: 16.113971 | G15: 16.042404 | H15: 16.914149 | I15: 16.21855 | J15: 16.200457 | K15: 16.056567 | L15: 16.337681 | M15: 16.319167 | N15: 16.136009 | O15: 16.147291 | P15: 16.092691 | Q15: 16.089401 | R15: 16.234057 | S15: 16.212794 | T15: 16.422055 | U15: 16.015206 | V15: 16.119655 | W15: 16.122857 | X15: 16.513071 | Y15: 16.192259 | Z15: 16.408234 | AA15: 16.279706 | AB15: 16.565125 | AC15: 16.161225 | AD15: 16.868883 | AE15: 16.257169 | AF15: 17.504233 | AG15: 17.732717 | AH15: 17.266866
C16: 8 | D16: =AVERAGE(E16:AH16) -> 22.328791 | E16: 22.229175 | F16: 21.929484 | G16: 22.474923 | H16: 22.737927 | I16: 22.195673 | J16: 22.363426 | K16: 21.908849 | L16: 22.044803 | M16: 22.753231 | N16: 22.404851 | O16: 22.259054 | P16: 22.415739 | Q16: 22.291501 | R16: 22.719629 | S16: 22.769866 | T16: 22.114499 | U16: 22.162198 | V16: 22.50299 | W16: 22.430388 | X16: 22.825332 | Y16: 22.257258 | Z16: 22.079414 | AA16: 22.304034 | AB16: 22.495763 | AC16: 22.433216 | AD16: 22.194547 | AE16: 22.298872 | AF16: 21.921134 | AG16: 22.093862 | AH16: 22.252095
C17: 16 | D17: =AVERAGE(E17:AH17) -> 21.576659 | E17: 21.475115 | F17: 21.346068 | G17: 21.386151 | H17: 21.622007 | I17: 21.770446 | J17: 21.679907 | K17: 21.81694 | L17: 21.486519 | M17: 21.583677 | N17: 21.559965 | O17: 21.385057 | P17: 21.825955 | Q17: 21.530287 | R17: 21.549797 | S17: 21.749336 | T17: 21.522631 | U17: 21.547002 | V17: 21.357576 | W17: 21.596871 | X17: 21.395178 | Y17: 21.4373 | Z17: 21.616676 | AA17: 21.523966 | AB17: 21.386269 | AC17: 21.576918 | AD17: 21.507072 | AE17: 21.503049 | AF17: 21.624006 | AG17: 21.739939 | AH17: 22.198094
B18: 4000 | C18: 1 | D18: =AVERAGE(E18:AH18) -> 966.4804 | E18: 1019.2723 | F18: 983.58958 | G18: 980.99918 | H18: 971.95925 | I18: 960.98396 | J18: 975.30495 | K18: 960.5693 | L18: 966.3872 | M18: 963.47192 | N18: 965.75413 | O18: 957.30209 | P18: 956.47588 | Q18: 952.67283 | R18: 964.12069 | S18: 965.18046 | T18: 967.49927 | U18: 971.30616 | V18: 965.25339 | W18: 978.49419 | X18: 956.94078 | Y18: 955.80578 | Z18: 958.74036 | AA18: 952.74893 | AB18: 960.61895 | AC18: 968.64463 | AD18: 962.35866 | AE18: 965.16659 | AF18: 960.70626 | AG18: 961.97063 | AH18: 964.11358
C19: 2 | D19: =AVERAGE(E19:AH19) -> 398.54521 | E19: 389.32318 | F19: 406.15379 | G19: 397.67846 | H19: 392.76202 | I19: 417.66606 | J19: 390.38571 | K19: 398.13038 | L19: 392.1472 | M19: 405.3676 | N19: 398.55911 | O19: 401.25414 | P19: 394.89413 | Q19: 409.05961 | R19: 397.65693 | S19: 391.03796 | T19: 387.49008 | U19: 399.66208 | V19: 408.53283 | W19: 405.95593 | X19: 392.44091 | Y19: 391.21328 | Z19: 407.21371 | AA19: 408.38122 | AB19: 395.07758 | AC19: 391.40893 | AD19: 395.04436 | AE19: 395.27067 | AF19: 397.32043 | AG19: 411.50993 | AH19: 387.75814
C20: 4 | D20: =AVERAGE(E20:AH20) -> 190.59681 | E20: 190.60116 | F20: 186.62733 | G20: 186.69692 | H20: 187.83554 | I20: 190.77674 | J20: 188.3697 | K20: 189.46359 | L20: 190.00296 | M20: 191.33707 | N20: 191.76712 | O20: 192.07699 | P20: 193.20551 | Q20: 191.33022 | R20: 190.78501 | S20: 190.43577 | T20: 193.67467 | U20: 192.81325 | V20: 191.40567 | W20: 189.8039 | X20: 190.68225 | Y20: 192.63029 | Z20: 191.00856 | AA20: 190.08991 | AB20: 189.79019 | AC20: 192.32857 | AD20: 189.68297 | AE20: 190.93443 | AF20: 189.9287 | AG20: 190.65779 | AH20: 191.16165
C21: 8 | D21: =AVERAGE(E21:AH21) -> 232.58224 | E21: 233.81906 | F21: 233.45466 | G21: 232.50265 | H21: 231.54394 | I21: 232.01759 | J21: 232.11456 | K21: 230.40531 | L21: 232.04325 | M21: 231.67409 | N21: 233.81769 | O21: 233.68805 | P21: 233.53172 | Q21: 233.21215 | R21: 233.04953 | S21: 231.31941 | T21: 233.08454 | U21: 233.89129 | V21: 233.48911 | W21: 231.56429 | X21: 233.90294 | Y21: 232.93947 | Z21: 230.94682 | AA21: 233.74645 | AB21: 231.94959 | AC21: 231.53772 | AD21: 230.75154 | AE21: 232.07298 | AF21: 232.4235 | AG21: 234.62509 | AH21: 232.34832
C22: 16 | D22: =AVERAGE(E22:AH22) -> 268.32843 | E22: 268.59471 | F22: 267.36381 | G22: 268.1555 | H22: 273.4051 | I22: 268.53934 | J22: 267.57027 | K22: 268.46015 | L22: 267.95927 | M22: 267.39093 | N22: 267.747 | O22: 269.0106 | P22: 267.61211 | Q22: 267.23378 | R22: 267.5964 | S22: 268.44561 | T22: 267.76536 | U22: 268.59607 | V22: 268.33501 | W22: 267.43136 | X22: 268.86449 | Y22: 269.15524 | Z22: 268.37509 | AA22: 268.30374 | AB22: 268.59217 | AC22: 268.32551 | AD22: 268.22934 | AE22: 268.56212 | AF22: 268.54647 | AG22: 268.07458 | AH22: 267.61166
A23: mmClasicaPosix (s) | B23: 1000 | C23: 1 | D23: 7.413243 | E23: 7.655591 | F23: 8.399941 | G23: 8.112817 | H23: 8.247384 | I23: 7.575308 | J23: 7.631989 | K23: 7.545448 | L23: 7.427982 | M23: 7.413024 | N23: 7.398316 | O23: 8.489804 | P23: 7.905305 | Q23: 7.529739 | R23: 7.718053 | S23: 7.350501 | T23: 8.147351 | U23: 7.624786 | V23: 7.592013 | W23: 7.679243 | X23: 7.510129 | Y23: 7.30498 | Z23: 7.607748 | AA23: 7.663551 | AB23: 7.729345 | AC23: 7.36448 | AD23: 7.317228 | AE23: 7.461681 | AF23: 7.418032 | AG23: 7.372096
C24: 2 | D24: 3.513457 | E24: 3.554894 | F24: 3.632392 | G24: 3.515869 | H24: 3.420231 | I24: 3.624743 | J24: 3.740442 | K24: 3.688966 | L24: 3.777102 | M24: 3.657574 | N24: 3.548842 | O24: 3.381654 | P24: 3.558245 | Q24: 3.521021 | R24: 3.766001 | S24: 3.628217 | T24: 3.59876 | U24: 3.699234 | V24: 3.688665 | W24: 3.522245 | X24: 3.587364 | Y24: 3.605903 | Z24: 3.719727 | AA24: 3.402821 | AB24: 3.630679 | AC24: 3.679513 | AD24: 3.609222 | AE24: 3.40596 | AF24: 3.883845 | AG24: 3.623694
C25: 4 | D25: 1.666968 | E25: 1.934456 | F25: 1.623078 | G25: 1.628928 | H25: 1.645903 | I25: 1.634328 | J25: 1.661249 | K25: 1.597271 | L25: 1.60427 | M25: 1.617232 | N25: 1.645182 | O25: 1.879415 | P25: 1.61972 | Q25: 1.594395 | R25: 1.615864 | S25: 1.611134 | T25: 1.610774 | U25: 1.605132 | V25: 1.603723 | W25: 1.60842 | X25: 1.608151 | Y25: 1.61609 | Z25: 1.591459 | AA25: 1.589257 | AB25: 1.597234 | AC25: 1.598378 | AD25: 1.620424 | AE25: 1.624821 | AF25: 1.587167 | AG25: 1.597804
C26: 8 | D26: 1.930338 | E26: 1.847968 | F26: 2.05271 | G26: 1.938793 | H26: 1.893117 | I26: 1.911026 | J26: 1.953054 | K26: 1.896971 | L26: 1.911331 | M26: 1.876138 | N26: 1.906811 | O26: 1.88364 | P26: 1.87079 | Q26: 1.884262 | R26: 1.921721 | S26: 1.889807 | T26: 1.911472 | U26: 2.347447 | V26: 1.902518 | W26: 1.824397 | X26: 1.821685 | Y26: 1.852041 | Z26: 1.893465 | AA26: 1.924385 | AB26: 1.884248 | AC26: 1.897595 | AD26: 1.887904 | AE26: 1.87944 | AF26: 1.835962 | AG26: 1.815675
C27: 16 | D27: 1.674198 | E27: 1.668296 | F27: 1.725595 | G27: 1.759382 | H27: 1.756045 | I27: 1.752329 | J27: 1.714233 | K27: 1.647665 | L27: 1.670619 | M27: 1.648152 | N27: 1.683025 | O27: 1.737352 | P27: 1.646134 | Q27: 1.663263 | R27: 1.650059 | S27: 1.683083 | T27: 1.646721 | U27: 1.6725 | V27: 1.714742 | W27: 1.657624 | X27: 1.67909 | Y27: 1.685913 | Z27: 1.720899 | AA27: 1.675591 | AB27: 1.650588 | AC27: 1.655908 | AD27: 1.683372 | AE27: 1.664617 | AF27: 1.638346 | AG27: 1.640822
B28: 2000 | C28: 1 | D28: 85.232048 | E28: 84.883685 | F28: 84.639166 | G28: 84.359542 | H28: 86.256336 | I28: 85.113285 | J28: 86.090633 | K28: 84.423496 | L28: 86.140049 | M28: 86.050326 | N28: 85.450715 | O28: 86.077636 | P28: 83.235293 | Q28: 83.16932 | R28: 85.070289 | S28: 84.421529 | T28: 82.736414 | U28: 83.627311 | V28: 85.582504 | W28: 83.229489 | X28: 83.613916 | Y28: 84.456077 | Z28: 85.258506 | AA28: 83.335375 | AB28: 84.456788 | AC28: 83.743423 | AD28: 83.8648 | AE28: 83.786187 | AF28: 83.644824 | AG28: 84.313944
C29: 2 | D29: 39.443482 | E29: 36.847453 | F29: 38.674517 | G29: 40.305222 | H29: 39.874444 | I29: 37.413655 | J29: 37.163846 | K29: 37.430362 | L29: 39.124988 | M29: 37.996048 | N29: 37.2786 | O29: 36.871645 | P29: 38.815879 | Q29: 36.827705 | R29: 36.583889 | S29: 37.376635 | T29: 37.707708 | U29: 37.612303 | V29: 38.153641 | W29: 38.00948 | X29: 39.868905 | Y29: 40.821244 | Z29: 38.33397 | AA29: 37.414209 | AB29: 38.356406 | AC29: 37.397924 | AD29: 36.273283 | AE29: 35.963137 | AF29: 38.131726 | AG29: 36.59493
C30: 4 | D30: 16.154829 | E30: 16.144868 | F30: 16.345325 | G30: 16.279 | H30: 16.300429 | I30: 16.59447 | J30: 16.124593 | K30: 16.697119 | L30: 17.02186 | M30: 16.654201 | N30: 16.368506 | O30: 16.106682 | P30: 16.124837 | Q30: 16.348156 | R30: 16.842087 | S30: 16.414949 | T30: 16.308977 | U30: 17.034802 | V30: 16.440057 | W30: 16.783884 | X30: 16.114962 | Y30: 16.559934 | Z30: 16.468262 | AA30: 17.692004 | AB30: 16.29544 | AC30: 16.327538 | AD30: 16.221983 | AE30: 16.42203 | AF30: 16.101492 | AG30: 16.348628
C31: 8 | D31: 21.340121 | E31: 21.657451 | F31: 21.60979 | G31: 21.728506 | H31: 21.412616 | I31: 21.728932 | J31: 21.749453 | K31: 21.364119 | L31: 21.847729 | M31: 21.741321 | N31: 21.78543 | O31: 21.506457 | P31: 21.552417 | Q31: 21.965023 | R31: 21.807512 | S31: 21.661618 | T31: 21.804389 | U31: 21.815305 | V31: 22.20153 | W31: 21.649589 | X31: 21.553541 | Y31: 21.762276 | Z31: 21.742029 | AA31: 21.552179 | AB31: 21.568327 | AC31: 21.725064 | AD31: 21.524848 | AE31: 21.241034 | AF31: 21.554791 | AG31: 21.353382
C32: 16 | D32: 20.584149 | E32: 20.740092 | F32: 20.955599 | G32: 20.801019 | H32: 20.630069 | I32: 20.605528 | J32: 21.724488 | K32: 20.631806 | L32: 20.68029 | M32: 20.741351 | N32: 20.631129 | O32: 20.734808 | P32: 20.632155 | Q32: 20.602375 | R32: 21.377384 | S32: 20.587769 | T32: 20.990427 | U32: 20.773048 | V32: 20.647619 | W32: 20.605836 | X32: 20.633475 | Y32: 20.868264 | Z32: 21.075332 | AA32: 21.170353 | AB32: 20.527495 | AC32: 20.973185 | AD32: 20.893134 | AE32: 20.683158 | AF32: 20.644761 | AG32: 20.55401
B33: 4000 | C33: 1 | D33: 1025.9182 | E33: 986.11494 | F33: 970.83468 | G33: 969.65964 | H33: 975.23727 | I33: 976.47523 | J33: 964.01505 | K33: 965.39349 | L33: 966.77178 | M33: 966.54453 | N33: 969.3015 | O33: 966.12262 | P33: 967.98775 | Q33: 963.93809 | R33: 960.46914 | S33: 960.03455 | T33: 958.73471 | U33: 956.52082 | V33: 971.993 | W33: 961.87243 | X33: 959.5351 | Y33: 963.63774 | Z33: 969.81539 | AA33: 1004.1127 | AB33: 963.80311 | AC33: 961.2974 | AD33: 961.4167 | AE33: 955.76296 | AF33: 960.45747 | AG33: 955.40991
C34: 2 | D34: 433.64635 | E34: 433.51875 | F34: 440.515 | G34: 436.19851 | H34: 433.64503 | I34: 420.506 | J34: 434.4033 | K34: 429.29248 | L34: 437.65331 | M34: 423.79262 | N34: 441.54935 | O34: 413.79266 | P34: 435.73777 | Q34: 430.02119 | R34: 436.13137 | S34: 453.45322 | T34: 441.86432 | U34: 425.47244 | V34: 435.34817 | W34: 421.61811 | X34: 422.40436 | Y34: 434.69773 | Z34: 431.55848 | AA34: 430.2443 | AB34: 427.34752 | AC34: 425.25009 | AD34: 426.73784 | AE34: 425.83756 | AF34: 444.92257 | AG34: 454.09659
C35: 4 | D35: 203.74315 | E35: 200.50397 | F35: 197.88802 | G35: 198.84684 | H35: 198.60959 | I35: 200.325 | J35: 202.23328 | K35: 200.28735 | L35: 200.83321 | M35: 202.70636 | N35: 200.36539 | O35: 203.44928 | P35: 202.47115 | Q35: 203.49902 | R35: 200.85488 | S35: 199.77458 | T35: 200.75202 | U35: 201.19619 | V35: 198.88206 | W35: 198.49636 | X35: 200.2906 | Y35: 200.28523 | Z35: 199.54158 | AA35: 197.82556 | AB35: 199.72622 | AC35: 201.01014 | AD35: 202.38732 | AE35: 201.6615 | AF35: 200.43702 | AG35: 199.70935
C36: 8 | D36: 217.51367 | E36: 214.76004 | F36: 215.22068 | G36: 220.43214 | H36: 217.61533 | I36: 216.50316 | J36: 218.17944 | K36: 216.82357 | L36: 216.70897 | M36: 221.33708 | N36: 218.73604 | O36: 216.82737 | P36: 220.58246 | Q36: 216.40782 | R36: 220.26884 | S36: 218.15466 | T36: 217.5823 | U36: 217.66642 | V36: 218.91383 | W36: 217.286 | X36: 218.29799 | Y36: 214.55836 | Z36: 218.83534 | AA36: 217.48656 | AB36: 218.12127 | AC36: 219.13748 | AD36: 220.98278 | AE36: 217.81536 | AF36: 218.37057 | AG36: 217.94103
C37: 16 | D37: 250.49819 | E37: 247.75515 | F37: 246.37358 | G37: 245.23329 | H37: 245.95092 | I37: 247.12313 | J37: 247.31295 | K37: 245.77731 | L37: 246.92278 | M37: 246.55837 | N37: 246.74106 | O37: 248.65069 | P37: 244.78867 | Q37: 248.38012 | R37: 248.57286 | S37: 252.34802 | T37: 244.52933 | U37: 252.72301 | V37: 247.22283 | W37: 254.99046 | X37: 250.10682 | Y37: 253.08477 | Z37: 255.07154 | AA37: 249.56681 | AB37: 247.30406 | AC37: 245.464 | AD37: 246.47971 | AE37: 250.365 | AF37: 247.5399 | AG37: 246.57488
A38: mmClasicaOpenMP (s) | B38: 1000 | C38: 1 | D38: 3.200791 | E38: 3.295901 | F38: 3.184325 | G38: 3.228747 | H38: 3.176391 | I38: 3.185089 | J38: 3.167057 | K38: 3.206668 | L38: 3.126545 | M38: 3.098752 | N38: 3.176978 | O38: 3.112738 | P38: 3.177326 | Q38: 3.141182 | R38: 3.104782 | S38: 3.226643 | T38: 3.208438 | U38: 3.072834 | V38: 3.13909 | W38: 3.06781 | X38: 3.29526 | Y38: 3.209019 | Z38: 3.107375 | AA38: 3.471301 | AB38: 3.103953 | AC38: 3.14372 | AD38: 3.20877 | AE38: 3.197885 | AF38: 3.239499 | AG38: 3.403882
C39: 2 | D39: 1.567099 | E39: 1.569461 | F39: 1.551387 | G39: 1.559252 | H39: 1.529696 | I39: 1.534467 | J39: 1.505015 | K39: 1.537267 | L39: 1.538621 | M39: 1.522894 | N39: 1.497258 | O39: 1.512255 | P39: 1.515197 | Q39: 1.514614 | R39: 1.540369 | S39: 1.512146 | T39: 1.496848 | U39: 1.509463 | V39: 1.507877 | W39: 1.513724 | X39: 1.528141 | Y39: 1.536303 | Z39: 1.524228 | AA39: 1.543436 | AB39: 1.495401 | AC39: 1.536425 | AD39: 1.53927 | AE39: 1.525555 | AF39: 1.552986 | AG39: 1.538109
C40: 4 | D40: 0.707923 | E40: 0.712556 | F40: 0.720688 | G40: 0.710083 | H40: 0.710093 | I40: 0.758479 | J40: 0.715798 | K40: 0.708112 | L40: 0.729307 | M40: 0.70785 | N40: 0.708028 | O40: 0.8213 | P40: 0.710908 | Q40: 0.706047 | R40: 0.707199 | S40: 0.709264 | T40: 0.71156 | U40: 0.703428 | V40: 0.708924 | W40: 0.70694 | X40: 0.713158 | Y40: 0.80194 | Z40: 0.73337 | AA40: 0.707245 | AB40: 0.707696 | AC40: 0.707741 | AD40: 0.706699 | AE40: 0.705767 | AF40: 0.705109 | AG40: 0.705671
C41: 8 | D41: 1.161581 | E41: 1.175279 | F41: 1.136421 | G41: 1.074709 | H41: 1.105366 | I41: 1.124446 | J41: 1.128962 | K41: 1.174875 | L41: 1.195473 | M41: 1.139609 | N41: 1.214959 | O41: 1.118608 | P41: 1.154122 | Q41: 1.151144 | R41: 1.17159 | S41: 1.104125 | T41: 1.135615 | U41: 1.123672 | V41: 1.142052 | W41: 1.172323 | X41: 1.12669 | Y41: 1.134522 | Z41: 1.117154 | AA41: 1.111967 | AB41: 1.141295 | AC41: 1.172642 | AD41: 1.226116 | AE41: 1.203384 | AF41: 1.178688 | AG41: 1.210606
C42: 16 | D42: 1.052786 | E42: 1.031395 | F42: 1.061422 | G42: 1.003572 | H42: 1.020585 | I42: 1.097716 | J42: 1.020785 | K42: 1.091514 | L42: 1.069529 | M42: 1.047505 | N42: 1.025444 | O42: 1.078414 | P42: 1.054577 | Q42: 1.132105 | R42: 1.063998 | S42: 1.106871 | T42: 1.042792 | U42: 1.08516 | V42: 1.044672 | W42: 1.062701 | X42: 1.049587 | Y42: 1.059917 | Z42: 1.051234 | AA42: 1.080031 | AB42: 1.055175 | AC42: 1.057045 | AD42: 1.042157 | AE42: 1.029917 | AF42: 1.060979 | AG42: 1.050184
B43: 2000 | C43: 1 | D43: 52.240741 | E43: 52.301226 | F43: 56.516538 | G43: 57.273132 | H43: 55.206358 | I43: 57.439342 | J43: 55.423158 | K43: 55.474499 | L43: 57.312513 | M43: 56.927405 | N43: 58.056594 | O43: 52.958634 | P43: 55.500997 | Q43: 57.303797 | R43: 59.249838 | S43: 55.716113 | T43: 54.043769 | U43: 57.490641 | V43: 58.24398 | W43: 53.59972 | X43: 54.775367 | Y43: 55.090923 | Z43: 54.957546 | AA43: 56.853287 | AB43: 53.527573 | AC43: 55.054645 | AD43: 58.833482 | AE43: 55.302793 | AF43: 57.337527 | AG43: 59.512375
C44: 2 | D44: 25.877792 | E44: 24.31143 | F44: 25.559716 | G44: 24.399177 | H44: 25.806545 | I44: 24.740853 | J44: 25.882096 | K44: 26.064881 | L44: 25.893834 | M44: 25.333974 | N44: 25.993171 | O44: 24.586877 | P44: 25.416598 | Q44: 26.154645 | R44: 25.25533 | S44: 25.54815 | T44: 24.70594 | U44: 24.198617 | V44: 25.624183 | W44: 24.581394 | X44: 25.995123 | Y44: 24.612066 | Z44: 24.307953 | AA44: 23.805316 | AB44: 25.567098 | AC44: 24.725808 | AD44: 26.769512 | AE44: 24.879191 | AF44: 23.564699 | AG44: 22.99288
C45: 4 | D45: 10.005186 | E45: 10.602018 | F45: 10.9891 | G45: 11.316939 | H45: 10.744156 | I45: 10.493125 | J45: 10.197323 | K45: 10.917307 | L45: 10.291474 | M45: 10.032351 | N45: 11.170944 | O45: 10.498955 | P45: 9.906006 | Q45: 9.882387 | R45: 10.92459 | S45: 9.994712 | T45: 10.624618 | U45: 9.802205 | V45: 11.21296 | W45: 10.089566 | X45: 10.850482 | Y45: 10.585997 | Z45: 10.609991 | AA45: 10.23392 | AB45: 10.265051 | AC45: 11.113592 | AD45: 10.832887 | AE45: 11.363476 | AF45: 10.503859 | AG45: 10.164124
C46: 8 | D46: 22.242482 | E46: 22.28512 | F46: 21.869252 | G46: 22.222287 | H46: 22.008897 | I46: 22.009395 | J46: 22.162132 | K46: 22.127367 | L46: 22.136012 | M46: 22.233394 | N46: 22.114717 | O46: 22.20909 | P46: 22.180122 | Q46: 22.257875 | R46: 22.187497 | S46: 22.197685 | T46: 22.053767 | U46: 22.261954 | V46: 22.316109 | W46: 22.183983 | X46: 22.2191 | Y46: 22.266215 | Z46: 22.247563 | AA46: 22.331749 | AB46: 22.187864 | AC46: 22.253332 | AD46: 22.215158 | AE46: 22.150476 | AF46: 22.152321 | AG46: 22.131795
C47: 16 | D47: 22.836286 | E47: 22.67902 | F47: 22.77356 | G47: 22.875328 | H47: 22.87486 | I47: 22.891568 | J47: 22.704685 | K47: 22.719675 | L47: 22.807922 | M47: 22.770401 | N47: 22.62732 | O47: 22.891754 | P47: 22.749751 | Q47: 22.917307 | R47: 22.812371 | S47: 22.865759 | T47: 22.790391 | U47: 22.870348 | V47: 22.742511 | W47: 22.82294 | X47: 22.540135 | Y47: 22.932429 | Z47: 22.792841 | AA47: 22.84063 | AB47: 22.629121 | AC47: 22.909173 | AD47: 22.669653 | AE47: 22.672773 | AF47: 22.945159 | AG47: 22.709785
B48: 4000 | C48: 1 | D48: 898.29678 | E48: 909.60528 | F48: 898.12781 | G48: 899.05683 | H48: 898.19938 | I48: 894.38524 | J48: 895.67044 | K48: 898.12515 | L48: 897.07268 | M48: 894.75284 | N48: 900.79592 | O48: 897.04611 | P48: 899.45932 | Q48: 895.02423 | R48: 897.5432 | S48: 900.13368 | T48: 923.9291 | U48: 894.55587 | V48: 893.93079 | W48: 899.81019 | X48: 898.87391 | Y48: 893.11273 | Z48: 896.84464 | AA48: 898.06194 | AB48: 900.79882 | AC48: 900.24667 | AD48: 899.23306 | AE48: 897.94147 | AF48: 900.43099 | AG48: 896.32932
C49: 2 | D49: 460.25464 | E49: 453.14296 | F49: 463.65328 | G49: 446.31928 | H49: 450.96092 | I49: 457.86806 | J49: 460.05578 | K49: 454.58473 | L49: 459.41218 | M49: 453.08091 | N49: 439.66218 | O49: 458.46457 | P49: 471.11063 | Q49: 454.44015 | R49: 459.48998 | S49: 455.31017 | T49: 454.30295 | U49: 456.42045 | V49: 464.00871 | W49: 450.31968 | X49: 452.03595 | Y49: 452.0472 | Z49: 451.05813 | AA49: 450.73639 | AB49: 459.11857 | AC49: 471.9658 | AD49: 457.67601 | AE49: 467.09143 | AF49: 441.86867 | AG49: 449.00993
C50: 4 | D50: 217.25084 | E50: 214.48654 | F50: 216.41779 | G50: 221.65531 | H50: 216.17898 | I50: 218.62545 | J50: 216.83686 | K50: 215.73511 | L50: 215.42252 | M50: 215.94285 | N50: 215.26368 | O50: 216.26037 | P50: 224.41808 | Q50: 213.92487 | R50: 216.15163 | S50: 213.82756 | T50: 213.58537 | U50: 216.33605 | V50: 216.19814 | W50: 213.71749 | X50: 215.57785 | Y50: 226.16403 | Z50: 217.31213 | AA50: 217.62672 | AB50: 215.19209 | AC50: 214.68098 | AD50: 214.78591 | AE50: 216.04908 | AF50: 214.36646 | AG50: 212.71788
C51: 8 | D51: 249.07636 | E51: 248.98542 | F51: 246.19591 | G51: 247.15134 | H51: 250.09376 | I51: 251.19325 | J51: 248.2135 | K51: 247.35496 | L51: 248.24382 | M51: 246.85247 | N51: 246.67711 | O51: 247.59652 | P51: 247.68524 | Q51: 248.42498 | R51: 247.31998 | S51: 247.72718 | T51: 246.66478 | U51: 248.21648 | V51: 247.81611 | W51: 246.57727 | X51: 248.32032 | Y51: 247.2157 | Z51: 247.81763 | AA51: 248.43108 | AB51: 248.72276 | AC51: 249.60568 | AD51: 249.26415 | AE51: 246.87018 | AF51: 248.37097 | AG51: 248.32968
C52: 16 | D52: 269.26137 | E52: 271.68492 | F52: 272.49142 | G52: 272.95907 | H52: 274.6065 | I52: 270.83831 | J52: 271.36003 | K52: 275.39634 | L52: 264.35 | M52: 270.94863 | N52: 270.7502 | O52: 267.92592 | P52: 272.7645 | Q52: 276.44151 | R52: 270.38724 | S52: 270.59403 | T52: 272.38851 | U52: 273.23928 | V52: 272.94676 | W52: 268.72073 | X52: 270.5278 | Y52: 272.84273 | Z52: 275.31254 | AA52: 269.17449 | AB52: 271.06471 | AC52: 273.22909 | AD52: 268.24512 | AE52: 273.2528 | AF52: 268.79598 | AG52: 276.34167

Sheet Datos_PC_1_Fork
A1: Configuracion | B1: Iter1 | C1: Iter2 | D1: Iter3 | E1: Iter4 | F1: Iter5 | G1: Iter6 | H1: Iter7 | I1: Iter8 | J1: Iter9 | K1: Iter10 | L1: Iter11 | M1: Iter12 | N1: Iter13 | O1: Iter14 | P1: Iter15 | Q1: Iter16 | R1: Iter17 | S1: Iter18 | T1: Iter19 | U1: Iter20 | V1: Iter21 | W1: Iter22 | X1: Iter23 | Y1: Iter24 | Z1: Iter25 | AA1: Iter26 | AB1: Iter27 | AC1: Iter28 | AD1: Iter29 | AE1: Iter30
A2: 1000-1 | B2: 6.419444 | C2: 6.639305 | D2: 6.651617 | E2: 6.650489 | F2: 6.559103 | G2: 6.666126 | H2: 6.328418 | I2: 6.658221 | J2: 6.21079 | K2: 6.585593 | L2: 6.32753 | M2: 6.32666 | N2: 6.581004 | O2: 6.604913 | P2: 6.401733 | Q2: 6.340262 | R2: 6.026471 | S2: 6.132151 | T2: 6.528703 | U2: 5.997535 | V2: 6.157306 | W2: 5.799442 | X2: 6.248419 | Y2: 6.280389 | Z2: 6.319613 | AA2: 6.244657 | AB2: 6.287627 | AC2: 6.29163 | AD2: 6.630345 | AE2: 6.241091
A3: 1000-2 | B3: 2.953686 | C3: 2.892111 | D3: 3.028039 | E3: 3.068453 | F3: 2.952592 | G3: 2.883954 | H3: 2.953457 | I3: 2.844942 | J3: 2.858745 | K3: 3.022191 | L3: 3.071166 | M3: 2.971138 | N3: 2.939551 | O3: 2.987081 | P3: 3.157419 | Q3: 3.013372 | R3: 2.964124 | S3: 2.912848 | T3: 3.031137 | U3: 2.841536 | V3: 3.057512 | W3: 2.869283 | X3: 2.881278 | Y3: 2.881069 | Z3: 3.127584 | AA3: 2.884819 | AB3: 2.854312 | AC3: 2.757823 | AD3: 3.164969 | AE3: 3.089394
A4: 1000-4 | B4: 1.324821 | C4: 1.296821 | D4: 1.339598 | E4: 1.309256 | F4: 1.334779 | G4: 1.340275 | H4: 1.323571 | I4: 1.310807 | J4: 1.369966 | K4: 1.304573 | L4: 1.466128 | M4: 1.500699 | N4: 1.401587 | O4: 1.457093 | P4: 1.377226 | Q4: 1.370328 | R4: 1.284094 | S4: 1.278649 | T4: 1.349705 | U4: 1.381922 | V4: 1.322578 | W4: 1.270948 | X4: 1.314109 | Y4: 1.284627 | Z4: 1.331088 | AA4: 1.247996 | AB4: 1.355748 | AC4: 1.325866 | AD4: 1.365854 | AE4: 1.331473
A5: 1000-8 | B5: 1.318039 | C5: 1.290555 | D5: 1.276095 | E5: 1.310225 | F5: 1.263006 | G5: 1.261854 | H5: 1.266532 | I5: 1.277827 | J5: 1.278367 | K5: 1.269839 | L5: 1.284428 | M5: 1.307213 | N5: 1.356263 | O5: 1.335615 | P5: 1.285225 | Q5: 1.254032 | R5: 1.299665 | S5: 1.258122 | T5: 1.279826 | U5: 1.345187 | V5: 1.289532 | W5: 1.312882 | X5: 1.302041 | Y5: 1.306351 | Z5: 1.326673 | AA5: 1.309685 | AB5: 1.308585 | AC5: 1.301962 | AD5: 1.369269 | AE5: 1.334104
A6: 1000-16 | B6: 1.291077 | C6: 1.295101 | D6: 1.279492 | E6: 1.389796 | F6: 1.281345 | G6: 1.332778 | H6: 1.326623 | I6: 1.315689 | J6: 1.276597 | K6: 1.281577 | L6: 1.297151 | M6: 1.305898 | N6: 1.288699 | O6: 1.355923 | P6: 1.329656 | Q6: 1.321615 | R6: 1.366365 | S6: 1.337862 | T6: 1.270439 | U6: 1.250059 | V6: 1.32065 | W6: 1.334699 | X6: 1.347482 | Y6: 1.261842 | Z6: 1.278558 | AA6: 1.35128 | AB6: 1.327658 | AC6: 1.340952 | AD6: 1.268485 | AE6: 1.276573
A7: 36526 | B7: 71.899811 | C7: 72.016524 | D7: 75.234345 | E7: 73.580496 | F7: 73.640756 | G7: 73.209385 | H7: 72.4817 | I7: 74.562429 | J7: 73.074545 | K7: 75.397007 | L7: 76.262184 | M7: 74.535597 | N7: 74.522287 | O7: 74.061614 | P7: 77.172762 | Q7: 77.132754 | R7: 74.277893 | S7: 74.67193 | T7: 75.53648 | U7: 75.562222 | V7: 75.400165 | W7: 75.91765 | X7: 75.092878 | Y7: 75.646001 | Z7: 76.569371 | AA7: 76.014608 | AB7: 74.288378 | AC7: 74.933862 | AD7: 76.760319 | AE7: 75.13556
A8: 36557 | B8: 37.729221 | C8: 38.257738 | D8: 37.844461 | E8: 37.31053 | F8: 36.731234 | G8: 36.703681 | H8: 36.694478 | I8: 36.861752 | J8: 36.811546 | K8: 36.893185 | L8: 37.633714 | M8: 38.346405 | N8: 38.928755 | O8: 39.389047 | P8: 41.452784 | Q8: 40.640784 | R8: 41.445627 | S8: 41.349828 | T8: 42.218983 | U8: 41.754226 | V8: 42.267232 | W8: 40.720598 | X8: 40.458034 | Y8: 40.103623 | Z8: 39.713116 | AA8: 39.677365 | AB8: 39.818651 | AC8: 39.539561 | AD8: 39.959243 | AE8: 40.027056
A9: 36617 | B9: 19.337199 | C9: 19.434623 | D9: 19.597696 | E9: 19.544825 | F9: 19.539624 | G9: 19.747075 | H9: 19.666749 | I9: 19.739992 | J9: 19.608809 | K9: 19.710333 | L9: 19.655846 | M9: 19.453158 | N9: 19.491865 | O9: 19.778605 | P9: 20.18954 | Q9: 19.879211 | R9: 21.191439 | S9: 19.57482 | T9: 19.366398 | U9: 19.124593 | V9: 19.320011 | W9: 19.30756 | X9: 19.77461 | Y9: 19.695321 | Z9: 19.303097 | AA9: 19.877552 | AB9: 19.363056 | AC9: 19.707341 | AD9: 19.513671 | AE9: 19.887662
A10: 36739 | B10: 18.601799 | C10: 17.848485 | D10: 18.117426 | E10: 18.486113 | F10: 18.321895 | G10: 18.260046 | H10: 18.543008 | I10: 18.54956 | J10: 18.694183 | K10: 18.181623 | L10: 18.297472 | M10: 18.468652 | N10: 18.561289 | O10: 19.061351 | P10: 18.429178 | Q10: 18.249103 | R10: 18.479971 | S10: 18.110546 | T10: 18.289841 | U10: 18.227077 | V10: 17.771145 | W10: 18.130248 | X10: 18.468606 | Y10: 18.029897 | Z10: 18.070754 | AA10: 17.970503 | AB10: 17.904706 | AC10: 18.033294 | AD10: 17.997959 | AE10: 17.736227
A11: 2000-16 | B11: 17.980934 | C11: 17.499913 | D11: 17.662398 | E11: 17.954524 | F11: 19.535299 | G11: 18.108496 | H11: 18.20771 | I11: 18.057557 | J11: 18.103485 | K11: 18.764905 | L11: 17.902319 | M11: 17.808252 | N11: 18.809426 | O11: 17.703299 | P11: 17.825938 | Q11: 17.944592 | R11: 17.830773 | S11: 18.182361 | T11: 17.926443 | U11: 18.023217 | V11: 18.414727 | W11: 18.132648 | X11: 18.144396 | Y11: 18.0979 | Z11: 18.797701 | AA11: 19.027056 | AB11: 18.580302 | AC11: 18.734055 | AD11: 18.95028 | AE11: 18.32826
A12: 767011 | B12: 816.99423 | C12: 834.32917 | D12: 838.22754 | E12: 909.85921 | F12: 921.05292 | G12: 892.23179 | H12: 848.13172 | I12: 867.98664 | J12: 863.47577 | K12: 890.38016 | L12: 914.82118 | M12: 901.69055 | N12: 895.45916 | O12: 905.78466 | P12: 895.87156 | Q12: 936.86569 | R12: 903.22733 | S12: 925.97803 | T12: 874.93197 | U12: 874.18389 | V12: 891.59797 | W12: 906.57632 | X12: 915.50062 | Y12: 892.60371 | Z12: 872.23896 | AA12: 876.75226 | AB12: 883.99367 | AC12: 886.26756 | AD12: 904.45326 | AE12: 885.15055
A13: 767042 | B13: 444.55647 | C13: 440.32615 | D13: 421.19004 | E13: 427.638 | F13: 439.35068 | G13: 449.38256 | H13: 439.42989 | I13: 453.62408 | J13: 462.42826 | K13: 436.24307 | L13: 448.37021 | M13: 439.0487 | N13: 441.40672 | O13: 435.86885 | P13: 426.76551 | Q13: 431.48576 | R13: 439.12145 | S13: 428.80757 | T13: 441.68076 | U13: 447.2975 | V13: 434.51848 | W13: 436.4824 | X13: 437.51821 | Y13: 446.1266 | Z13: 448.66241 | AA13: 456.21208 | AB13: 442.06785 | AC13: 452.05639 | AD13: 443.37045 | AE13: 427.18418
A14: 767102 | B14: 218.60566 | C14: 225.70042 | D14: 227.9068 | E14: 220.06305 | F14: 230.57071 | G14: 224.54398 | H14: 224.78706 | I14: 227.53987 | J14: 215.63417 | K14: 222.99189 | L14: 224.77574 | M14: 217.78564 | N14: 228.28157 | O14: 223.63641 | P14: 223.89947 | Q14: 227.02351 | R14: 223.3519 | S14: 217.92664 | T14: 225.98026 | U14: 224.10279 | V14: 227.39907 | W14: 235.08025 | X14: 223.37089 | Y14: 236.94929 | Z14: 230.79371 | AA14: 222.35332 | AB14: 236.19383 | AC14: 230.72205 | AD14: 222.7797 | AE14: 228.01057
A15: 767224 | B15: 225.32193 | C15: 217.88948 | D15: 222.60354 | E15: 224.42341 | F15: 237.95713 | G15: 225.21691 | H15: 224.11313 | I15: 221.16663 | J15: 227.22961 | K15: 224.46099 | L15: 214.08338 | M15: 214.31182 | N15: 215.42683 | O15: 212.84096 | P15: 222.74031 | Q15: 222.19443 | R15: 213.13581 | S15: 224.35542 | T15: 225.75769 | U15: 209.88651 | V15: 216.7931 | W15: 229.96747 | X15: 212.32198 | Y15: 219.95786 | Z15: 224.45511 | AA15: 215.48606 | AB15: 225.22706 | AC15: 225.20602 | AD15: 218.23918 | AE15: 223.51708
A16: 4000-16 | B16: 235.64269 | C16: 242.62969 | D16: 239.59304 | E16: 237.99531 | F16: 233.80448 | G16: 236.90647 | H16: 230.42804 | I16: 233.01909 | J16: 233.79572 | K16: 233.59159 | L16: 245.19378 | M16: 228.79527 | N16: 231.76229 | O16: 240.05407 | P16: 220.91893 | Q16: 228.23066 | R16: 236.5268 | S16: 229.73924 | T16: 236.5031 | U16: 228.13931 | V16: 232.2016 | W16: 238.47658 | X16: 232.96949 | Y16: 228.03968 | Z16: 232.0479 | AA16: 232.62774 | AB16: 229.72344 | AC16: 230.55858 | AD16: 226.56796 | AE16: 233.56241

Sheet Datos_PC_1_Posix
A1: Configuracion | B1: Iter1 | C1: Iter2 | D1: Iter3 | E1: Iter4 | F1: Iter5 | G1: Iter6 | H1: Iter7 | I1: Iter8 | J1: Iter9 | K1: Iter10 | L1: Iter11 | M1: Iter12 | N1: Iter13 | O1: Iter14 | P1: Iter15 | Q1: Iter16 | R1: Iter17 | S1: Iter18 | T1: Iter19 | U1: Iter20 | V1: Iter21 | W1: Iter22 | X1: Iter23 | Y1: Iter24 | Z1: Iter25 | AA1: Iter26 | AB1: Iter27 | AC1: Iter28 | AD1: Iter29 | AE1: Iter30
A2: 1000-1 | B2: 6.291839 | C2: 6.481076 | D2: 6.414348 | E2: 6.123118 | F2: 6.669699 | G2: 6.248455 | H2: 6.338654 | I2: 6.15698 | J2: 6.137825 | K2: 6.303497 | L2: 6.199342 | M2: 6.18262 | N2: 6.161657 | O2: 6.176852 | P2: 6.576729 | Q2: 6.580172 | R2: 6.406962 | S2: 6.499209 | T2: 6.268832 | U2: 6.351365 | V2: 6.154427 | W2: 6.371752 | X2: 6.261563 | Y2: 6.230946 | Z2: 6.184533 | AA2: 6.243758 | AB2: 6.270078 | AC2: 6.285808 | AD2: 6.192937 | AE2: 6.290108
A3: 1000-2 | B3: 2.991557 | C3: 3.075408 | D3: 3.040584 | E3: 2.94528 | F3: 3.120741 | G3: 2.963897 | H3: 2.966941 | I3: 2.944338 | J3: 3.017495 | K3: 3.199823 | L3: 3.159499 | M3: 3.031387 | N3: 3.087309 | O3: 3.011261 | P3: 2.986198 | Q3: 3.295802 | R3: 2.914677 | S3: 3.024904 | T3: 3.056916 | U3: 2.923291 | V3: 2.921807 | W3: 2.933185 | X3: 3.231014 | Y3: 2.943756 | Z3: 3.095347 | AA3: 3.036243 | AB3: 2.962493 | AC3: 2.975707 | AD3: 3.009976 | AE3: 2.962567
A4: 1000-4 | B4: 1.348387 | C4: 1.324602 | D4: 1.328442 | E4: 1.455152 | F4: 1.431907 | G4: 1.390334 | H4: 1.420962 | I4: 1.337463 | J4: 1.336942 | K4: 1.412487 | L4: 1.374553 | M4: 1.378293 | N4: 1.324813 | O4: 1.327901 | P4: 1.408315 | Q4: 1.352259 | R4: 1.411983 | S4: 1.338402 | T4: 1.401679 | U4: 1.454948 | V4: 1.393486 | W4: 1.324248 | X4: 1.370942 | Y4: 1.418806 | Z4: 1.374555 | AA4: 1.307686 | AB4: 1.323898 | AC4: 1.342073 | AD4: 1.317188 | AE4: 1.344453
A5: 1000-8 | B5: 1.393289 | C5: 1.427533 | D5: 1.314563 | E5: 1.303905 | F5: 1.389169 | G5: 1.418195 | H5: 1.352541 | I5: 1.376014 | J5: 1.381714 | K5: 1.325612 | L5: 1.319304 | M5: 1.34819 | N5: 1.343034 | O5: 1.347828 | P5: 1.354838 | Q5: 1.306121 | R5: 1.360248 | S5: 1.351954 | T5: 1.308058 | U5: 1.330973 | V5: 1.316022 | W5: 1.431725 | X5: 1.34673 | Y5: 1.298341 | Z5: 1.36327 | AA5: 1.388823 | AB5: 1.346466 | AC5: 1.39933 | AD5: 1.390411 | AE5: 1.332425
A6: 1000-16 | B6: 1.396418 | C6: 1.299745 | D6: 1.304502 | E6: 1.325791 | F6: 1.335306 | G6: 1.298583 | H6: 1.362171 | I6: 1.314017 | J6: 1.339797 | K6: 1.367317 | L6: 1.372071 | M6: 1.375983 | N6: 1.410215 | O6: 1.315973 | P6: 1.353865 | Q6: 1.328104 | R6: 1.367284 | S6: 1.313036 | T6: 1.314608 | U6: 1.361992 | V6: 1.412562 | W6: 1.292501 | X6: 1.386588 | Y6: 1.374719 | Z6: 1.340619 | AA6: 1.407759 | AB6: 1.438313 | AC6: 1.391512 | AD6: 1.393876 | AE6: 1.330797
A7: 36526 | B7: 81.047881 | C7: 84.083809 | D7: 79.495473 | E7: 79.57148 | F7: 81.128298 | G7: 81.351762 | H7: 82.130783 | I7: 82.625369 | J7: 83.289511 | K7: 83.305256 | L7: 80.36095 | M7: 82.250797 | N7: 81.067286 | O7: 81.798346 | P7: 82.019242 | Q7: 82.503521 | R7: 81.446635 | S7: 80.863879 | T7: 80.078082 | U7: 80.94171 | V7: 80.679562 | W7: 81.725536 | X7: 81.23397 | Y7: 81.101656 | Z7: 82.696577 | AA7: 81.509756 | AB7: 81.334552 | AC7: 80.582505 | AD7: 80.192795 | AE7: 80.432229
A8: 36557 | B8: 40.333609 | C8: 40.214252 | D8: 41.239179 | E8: 40.767358 | F8: 41.010053 | G8: 41.308922 | H8: 40.940091 | I8: 41.960765 | J8: 42.046252 | K8: 40.941738 | L8: 40.641385 | M8: 39.723547 | N8: 39.597029 | O8: 40.014284 | P8: 39.918807 | Q8: 40.040736 | R8: 40.210443 | S8: 40.003658 | T8: 40.764456 | U8: 41.175126 | V8: 40.699799 | W8: 41.357306 | X8: 41.730166 | Y8: 41.599931 | Z8: 42.331376 | AA8: 42.257965 | AB8: 40.715178 | AC8: 40.535 | AD8: 40.90168 | AE8: 40.72903
A9: 36617 | B9: 19.713798 | C9: 20.202222 | D9: 20.007526 | E9: 20.092376 | F9: 20.265203 | G9: 20.189721 | H9: 20.06943 | I9: 20.2726 | J9: 20.30693 | K9: 20.249277 | L9: 20.701501 | M9: 20.667325 | N9: 20.7298 | O9: 20.911546 | P9: 21.66491 | Q9: 20.521193 | R9: 20.825334 | S9: 20.688159 | T9: 21.062936 | U9: 17.538396 | V9: 19.11974 | W9: 18.86367 | X9: 18.660506 | Y9: 18.789513 | Z9: 20.184424 | AA9: 18.983307 | AB9: 19.323723 | AC9: 19.207131 | AD9: 19.409036 | AE9: 19.166082
A10: 36739 | B10: 17.47167 | C10: 17.843873 | D10: 17.92376 | E10: 18.050195 | F10: 18.145874 | G10: 18.106845 | H10: 17.716276 | I10: 17.900883 | J10: 18.373977 | K10: 18.139093 | L10: 18.171378 | M10: 18.418046 | N10: 18.73562 | O10: 18.182502 | P10: 18.409112 | Q10: 18.670298 | R10: 19.436784 | S10: 18.513862 | T10: 18.617858 | U10: 18.269503 | V10: 17.884034 | W10: 17.867569 | X10: 18.070398 | Y10: 17.481835 | Z10: 17.774442 | AA10: 17.708629 | AB10: 17.422678 | AC10: 17.588512 | AD10: 17.792079 | AE10: 17.599343
A11: 2000-16 | B11: 16.866671 | C11: 17.515925 | D11: 17.551093 | E11: 17.476126 | F11: 17.517795 | G11: 17.469711 | H11: 17.626827 | I11: 17.808499 | J11: 18.337372 | K11: 17.791743 | L11: 17.985804 | M11: 18.201469 | N11: 18.146118 | O11: 19.710013 | P11: 18.112719 | Q11: 18.008807 | R11: 17.811371 | S11: 17.773064 | T11: 18.063863 | U11: 18.206823 | V11: 18.08546 | W11: 18.241571 | X11: 18.309088 | Y11: 18.205921 | Z11: 18.384449 | AA11: 19.630846 | AB11: 19.039958 | AC11: 18.972355 | AD11: 18.746824 | AE11: 18.51038
A12: 767011 | B12: 869.4659 | C12: 870.28673 | D12: 889.97713 | E12: 882.90612 | F12: 912.65328 | G12: 892.41072 | H12: 860.2868 | I12: 863.54303 | J12: 860.55432 | K12: 890.70244 | L12: 917.57867 | M12: 893.38715 | N12: 903.7222 | O12: 882.77232 | P12: 869.7863 | Q12: 896.86276 | R12: 886.08187 | S12: 886.74053 | T12: 897.41103 | U12: 877.82327 | V12: 878.48841 | W12: 878.32416 | X12: 916.8713 | Y12: 881.21937 | Z12: 877.67782 | AA12: 893.64816 | AB12: 870.06286 | AC12: 881.29784 | AD12: 873.47245 | AE12: 889.80851
A13: 767042 | B13: 427.77997 | C13: 434.93646 | D13: 415.05122 | E13: 429.98542 | F13: 426.53103 | G13: 420.54084 | H13: 429.0235 | I13: 443.55924 | J13: 442.31181 | K13: 448.21019 | L13: 444.09643 | M13: 434.84872 | N13: 442.39177 | O13: 430.53313 | P13: 422.53845 | Q13: 434.80443 | R13: 429.08313 | S13: 422.39439 | T13: 423.69338 | U13: 426.69382 | V13: 435.77222 | W13: 444.14788 | X13: 432.59925 | Y13: 464.71678 | Z13: 493.45691 | AA13: 486.21431 | AB13: 468.52441 | AC13: 461.38635 | AD13: 454.60859 | AE13: 466.83193
A14: 767102 | B14: 224.22972 | C14: 230.59685 | D14: 236.70045 | E14: 226.45021 | F14: 235.45738 | G14: 240.08874 | H14: 228.06034 | I14: 237.56943 | J14: 237.76072 | K14: 243.16348 | L14: 241.4916 | M14: 235.53468 | N14: 242.8262 | O14: 245.90134 | P14: 229.74878 | Q14: 231.24327 | R14: 236.08439 | S14: 226.14604 | T14: 231.36462 | U14: 233.37305 | V14: 225.39025 | W14: 228.80543 | X14: 232.70096 | Y14: 229.55296 | Z14: 227.98228 | AA14: 220.22672 | AB14: 221.10312 | AC14: 228.03664 | AD14: 211.12647 | AE14: 222.12434
A15: 767224 | B15: 216.64547 | C15: 206.43415 | D15: 221.54359 | E15: 225.47484 | F15: 216.15086 | G15: 216.66072 | H15: 220.25575 | I15: 224.96923 | J15: 218.43949 | K15: 221.94856 | L15: 228.7882 | M15: 219.53417 | N15: 210.40661 | O15: 214.82687 | P15: 211.60241 | Q15: 217.38689 | R15: 217.91856 | S15: 218.78006 | T15: 214.64486 | U15: 217.13291 | V15: 218.12046 | W15: 212.43118 | X15: 217.32748 | Y15: 222.53925 | Z15: 224.65292 | AA15: 217.67179 | AB15: 219.51455 | AC15: 215.80248 | AD15: 209.09924 | AE15: 221.12369
A16: 4000-16 | B16: 227.88839 | C16: 217.52804 | D16: 225.2873 | E16: 223.60269 | F16: 209.92357 | G16: 220.29103 | H16: 228.55791 | I16: 221.76953 | J16: 213.21526 | K16: 220.00228 | L16: 221.13166 | M16: 214.73414 | N16: 215.09465 | O16: 217.60655 | P16: 212.13424 | Q16: 216.11324 | R16: 224.88495 | S16: 215.28746 | T16: 218.43719 | U16: 217.25713 | V16: 218.63199 | W16: 211.37135 | X16: 221.23223 | Y16: 226.16903 | Z16: 217.53429 | AA16: 223.84812 | AB16: 231.87902 | AC16: 219.71108 | AD16: 224.68632 | AE16: 225.38916

Sheet Datos_PC_1_OpenMP
A1: Configuracion | B1: Iter1 | C1: Iter2 | D1: Iter3 | E1: Iter4 | F1: Iter5 | G1: Iter6 | H1: Iter7 | I1: Iter8 | J1: Iter9 | K1: Iter10 | L1: Iter11 | M1: Iter12 | N1: Iter13 | O1: Iter14 | P1: Iter15 | Q1: Iter16 | R1: Iter17 | S1: Iter18 | T1: Iter19 | U1: Iter20 | V1: Iter21 | W1: Iter22 | X1: Iter23 | Y1: Iter24 | Z1: Iter25 | AA1: Iter26 | AB1: Iter27 | AC1: Iter28 | AD1: Iter29 | AE1: Iter30
A2: 1000-1 | B2: 3.349045 | C2: 3.408799 | D2: 2.961377 | E2: 2.801953 | F2: 3.096543 | G2: 3.008379 | H2: 2.895144 | I2: 3.094603 | J2: 2.870346 | K2: 3.380322 | L2: 3.242035 | M2: 3.203737 | N2: 2.781612 | O2: 3.184879 | P2: 3.577353 | Q2: 2.843339 | R2: 2.936552 | S2: 3.666023 | T2: 2.851069 | U2: 2.839985 | V2: 3.34349 | W2: 3.227842 | X2: 2.927311 | Y2: 3.655107 | Z2: 3.495 | AA2: 3.614837 | AB2: 2.790902 | AC2: 2.975461 | AD2: 3.201855 | AE2: 3.340936
A3: 1000-2 | B3: 1.7528 | C3: 1.644746 | D3: 1.707857 | E3: 1.393369 | F3: 1.427471 | G3: 1.470967 | H3: 1.394268 | I3: 1.654805 | J3: 1.3713 | K3: 1.375546 | L3: 1.366342 | M3: 1.646322 | N3: 1.539269 | O3: 1.567149 | P3: 1.470763 | Q3: 1.510606 | R3: 1.460945 | S3: 1.374853 | T3: 1.557516 | U3: 1.67647 | V3: 1.409587 | W3: 1.544356 | X3: 1.614834 | Y3: 1.848633 | Z3: 1.763107 | AA3: 1.627474 | AB3: 1.41537 | AC3: 1.444996 | AD3: 1.799379 | AE3: 1.511022
A4: 1000-4 | B4: 0.683568 | C4: 0.90446 | D4: 0.828018 | E4: 0.713305 | F4: 0.688357 | G4: 0.844089 | H4: 0.7288 | I4: 0.711493 | J4: 0.826468 | K4: 0.809318 | L4: 0.791466 | M4: 0.724315 | N4: 0.800796 | O4: 0.819757 | P4: 0.7207 | Q4: 0.737815 | R4: 0.849647 | S4: 0.702926 | T4: 0.679524 | U4: 0.657851 | V4: 0.65825 | W4: 0.683712 | X4: 0.75956 | Y4: 0.686595 | Z4: 0.763209 | AA4: 0.773527 | AB4: 0.713988 | AC4: 0.773495 | AD4: 0.713074 | AE4: 0.832608
A5: 1000-8 | B5: 0.656014 | C5: 0.822503 | D5: 0.704961 | E5: 0.724382 | F5: 0.665985 | G5: 0.683459 | H5: 0.817938 | I5: 0.807671 | J5: 0.854613 | K5: 0.686827 | L5: 0.716001 | M5: 0.672295 | N5: 0.72123 | O5: 0.680922 | P5: 0.656098 | Q5: 0.701518 | R5: 0.800841 | S5: 0.778861 | T5: 0.783499 | U5: 0.770408 | V5: 0.718845 | W5: 0.672744 | X5: 0.675281 | Y5: 0.6549 | Z5: 0.752603 | AA5: 0.837535 | AB5: 0.671813 | AC5: 0.689725 | AD5: 0.809075 | AE5: 0.660121
A6: 1000-16 | B6: 0.831419 | C6: 0.846904 | D6: 0.74547 | E6: 0.69216 | F6: 0.780783 | G6: 0.638834 | H6: 0.700818 | I6: 0.674456 | J6: 0.666121 | K6: 0.649626 | L6: 0.813579 | M6: 0.774542 | N6: 0.805845 | O6: 0.81822 | P6: 0.831139 | Q6: 0.702272 | R6: 0.68318 | S6: 0.746776 | T6: 0.772812 | U6: 0.723003 | V6: 0.651563 | W6: 0.693035 | X6: 0.640038 | Y6: 0.638862 | Z6: 0.678607 | AA6: 0.730212 | AB6: 0.694207 | AC6: 0.64588 | AD6: 0.693803 | AE6: 0.738896
A7: 36526 | B7: 65.204164 | C7: 65.857845 | D7: 64.548998 | E7: 66.070724 | F7: 64.858646 | G7: 64.856417 | H7: 65.329735 | I7: 65.736049 | J7: 66.066939 | K7: 67.385737 | L7: 66.454326 | M7: 68.825994 | N7: 66.330107 | O7: 66.31133 | P7: 65.933979 | Q7: 65.685903 | R7: 65.889679 | S7: 67.580396 | T7: 66.553364 | U7: 67.888682 | V7: 67.874933 | W7: 66.853245 | X7: 66.875888 | Y7: 68.372934 | Z7: 67.640822 | AA7: 67.26227 | AB7: 68.932367 | AC7: 67.845849 | AD7: 68.626499 | AE7: 68.665254
A8: 36557 | B8: 35.541847 | C8: 34.661087 | D8: 34.445795 | E8: 34.292352 | F8: 34.458505 | G8: 34.430827 | H8: 34.739259 | I8: 34.938109 | J8: 35.605536 | K8: 34.933483 | L8: 35.213293 | M8: 35.588448 | N8: 36.13256 | O8: 35.816811 | P8: 36.636373 | Q8: 35.923224 | R8: 36.160491 | S8: 36.442079 | T8: 35.793751 | U8: 35.373031 | V8: 34.098119 | W8: 33.390368 | X8: 33.987586 | Y8: 33.865826 | Z8: 32.960125 | AA8: 33.400097 | AB8: 34.205118 | AC8: 33.878839 | AD8: 34.090963 | AE8: 34.151156
A9: 36617 | B9: 16.999286 | C9: 17.186765 | D9: 17.389196 | E9: 17.530324 | F9: 17.24716 | G9: 17.446703 | H9: 18.702457 | I9: 17.805347 | J9: 17.549329 | K9: 17.466532 | L9: 17.538355 | M9: 17.433284 | N9: 17.371705 | O9: 17.475779 | P9: 17.566265 | Q9: 17.740884 | R9: 18.153221 | S9: 17.682381 | T9: 17.764866 | U9: 16.606317 | V9: 16.478346 | W9: 16.740637 | X9: 16.350958 | Y9: 16.265955 | Z9: 16.403124 | AA9: 16.333416 | AB9: 16.380255 | AC9: 16.279477 | AD9: 16.673046 | AE9: 16.552851
A10: 36739 | B10: 16.291558 | C10: 16.345921 | D10: 16.465411 | E10: 16.781598 | F10: 16.400102 | G10: 16.579697 | H10: 16.719136 | I10: 16.875527 | J10: 17.198989 | K10: 17.142537 | L10: 17.1437 | M10: 16.957996 | N10: 17.104606 | O10: 16.999306 | P10: 16.919067 | Q10: 17.240551 | R10: 17.109771 | S10: 16.968344 | T10: 17.14944 | U10: 17.240982 | V10: 17.252223 | W10: 17.418661 | X10: 17.20957 | Y10: 17.414311 | Z10: 17.592278 | AA10: 17.876877 | AB10: 17.57692 | AC10: 17.928736 | AD10: 17.563912 | AE10: 17.296291
A11: 2000-16 | B11: 17.326186 | C11: 16.693601 | D11: 16.574772 | E11: 16.391977 | F11: 16.454465 | G11: 16.243312 | H11: 16.227098 | I11: 16.354833 | J11: 16.438874 | K11: 16.637835 | L11: 16.567243 | M11: 16.880134 | N11: 16.542126 | O11: 16.681797 | P11: 16.838672 | Q11: 16.715963 | R11: 17.012219 | S11: 16.90913 | T11: 17.173559 | U11: 16.878836 | V11: 16.95022 | W11: 16.895886 | X11: 17.021709 | Y11: 16.899647 | Z11: 17.064168 | AA11: 17.021712 | AB11: 17.054153 | AC11: 17.464306 | AD11: 17.123119 | AE11: 17.606102
A12: 767011 | B12: 760.02172 | C12: 728.9148 | D12: 705.4001 | E12: 714.46042 | F12: 731.2334 | G12: 749.30929 | H12: 754.65541 | I12: 762.02952 | J12: 749.98042 | K12: 721.65522 | L12: 716.83634 | M12: 725.5577 | N12: 763.55326 | O12: 752.717 | P12: 743.99238 | Q12: 730.90023 | R12: 713.11914 | S12: 713.78566 | T12: 721.32306 | U12: 730.11182 | V12: 753.44569 | W12: 764.89838 | X12: 768.83914 | Y12: 760.65824 | Z12: 761.38158 | AA12: 772.30147 | AB12: 757.67611 | AC12: 773.41661 | AD12: 761.86464 | AE12: 754.57912
A13: 767042 | B13: 374.98744 | C13: 377.0022 | D13: 366.41298 | E13: 369.08134 | F13: 358.96275 | G13: 366.75333 | H13: 364.88077 | I13: 374.25759 | J13: 365.35682 | K13: 384.14902 | L13: 379.56979 | M13: 391.59096 | N13: 393.28123 | O13: 381.30513 | P13: 391.48897 | Q13: 384.09063 | R13: 395.76115 | S13: 377.59712 | T13: 385.34526 | U13: 389.05487 | V13: 391.05539 | W13: 395.40262 | X13: 390.8861 | Y13: 399.65735 | Z13: 389.89294 | AA13: 410.16919 | AB13: 384.59855 | AC13: 407.88025 | AD13: 393.57414 | AE13: 377.71383
A14: 767102 | B14: 195.54616 | C14: 198.12598 | D14: 189.8909 | E14: 189.63883 | F14: 191.35414 | G14: 195.53187 | H14: 197.68501 | I14: 191.244 | J14: 194.37106 | K14: 196.7303 | L14: 197.91559 | M14: 195.14182 | N14: 199.94352 | O14: 202.66688 | P14: 200.71702 | Q14: 203.35276 | R14: 208.13089 | S14: 200.32024 | T14: 205.79101 | U14: 210.2235 | V14: 195.33412 | W14: 182.50207 | X14: 189.58813 | Y14: 192.73745 | Z14: 186.29983 | AA14: 190.14053 | AB14: 200.2541 | AC14: 205.44042 | AD14: 190.65449 | AE14: 190.82313
A15: 767224 | B15: 201.7477 | C15: 208.13285 | D15: 198.45646 | E15: 191.76225 | F15: 195.23686 | G15: 191.77724 | H15: 189.69708 | I15: 192.36136 | J15: 193.69574 | K15: 191.95356 | L15: 195.92391 | M15: 198.06498 | N15: 200.88032 | O15: 196.52322 | P15: 202.20947 | Q15: 208.84731 | R15: 208.62413 | S15: 197.80787 | T15: 201.74637 | U15: 209.58395 | V15: 204.47671 | W15: 204.22102 | X15: 210.47592 | Y15: 199.61062 | Z15: 204.7179 | AA15: 210.36379 | AB15: 197.5985 | AC15: 199.42246 | AD15: 204.98167 | AE15: 205.44792
A16: 4000-16 | B16: 179.33934 | C16: 181.76436 | D16: 186.76591 | E16: 188.91924 | F16: 186.32871 | G16: 189.46947 | H16: 191.74835 | I16: 187.6966 | J16: 189.11496 | K16: 192.85425 | L16: 194.26921 | M16: 198.40203 | N16: 209.12155 | O16: 189.87563 | P16: 181.67067 | Q16: 188.82639 | R16: 186.00481 | S16: 178.84204 | T16: 187.48261 | U16: 193.72671 | V16: 185.5373 | W16: 185.5386 | X16: 193.11906 | Y16: 198.95907 | Z16: 189.07061 | AA16: 196.74437 | AB16: 205.86049 | AC16: 190.43332 | AD16: 189.28301 | AE16: 193.41682

Sheet Datos_PC_2_Fork
A1: Configuracion | B1: Iter1 | C1: Iter2 | D1: Iter3 | E1: Iter4 | F1: Iter5 | G1: Iter6 | H1: Iter7 | I1: Iter8 | J1: Iter9 | K1: Iter10 | L1: Iter11 | M1: Iter12 | N1: Iter13 | O1: Iter14 | P1: Iter15 | Q1: Iter16 | R1: Iter17 | S1: Iter18 | T1: Iter19 | U1: Iter20 | V1: Iter21 | W1: Iter22 | X1: Iter23 | Y1: Iter24 | Z1: Iter25 | AA1: Iter26 | AB1: Iter27 | AC1: Iter28 | AD1: Iter29 | AE1: Iter30
A2: 1000-1 | B2: 6.419444 | C2: 6.639305 | D2: 6.651617 | E2: 6.650489 | F2: 6.559103 | G2: 6.666126 | H2: 6.328418 | I2: 6.658221 | J2: 6.21079 | K2: 6.585593 | L2: 6.32753 | M2: 6.32666 | N2: 8.938725 | O2: 3.703048 | P2: 3.199763 | Q2: 3.212571 | R2: 3.720775 | S2: 3.438175 | T2: 3.312071 | U2: 3.653585 | V2: 3.877446 | W2: 4.100338 | X2: 4.798439 | Y2: 4.265138 | Z2: 4.517902 | AA2: 3.676478 | AB2: 4.053041 | AC2: 3.76806 | AD2: 3.675522 | AE2: 3.938877
A3: 1000-2 | B3: 2.386214 | C3: 2.189956 | D3: 2.147325 | E3: 2.086615 | F3: 2.235871 | G3: 2.574748 | H3: 2.574449 | I3: 2.881112 | J3: 2.576063 | K3: 2.230341 | L3: 2.04442 | M3: 2.414336 | N3: 2.365258 | O3: 2.207879 | P3: 2.335044 | Q3: 2.37394 | R3: 2.358635 | S3: 2.31707 | T3: 2.511427 | U3: 2.660577 | V3: 2.165158 | W3: 2.12039 | X3: 1.907447 | Y3: 2.020805 | Z3: 2.661009 | AA3: 2.420536 | AB3: 2.258877 | AC3: 2.128605 | AD3: 2.128484 | AE3: 2.424308
A4: 1000-4 | B4: 1.478469 | C4: 1.295904 | D4: 1.272093 | E4: 1.286773 | F4: 1.259907 | G4: 1.858142 | H4: 1.51888 | I4: 1.825013 | J4: 2.144135 | K4: 1.959006 | L4: 1.792709 | M4: 1.57201 | N4: 1.497339 | O4: 1.789927 | P4: 1.538015 | Q4: 1.608446 | R4: 1.307084 | S4: 1.332128 | T4: 1.494701 | U4: 1.577326 | V4: 1.738913 | W4: 1.468054 | X4: 1.805229 | Y4: 1.518672 | Z4: 1.486618 | AA4: 1.310061 | AB4: 1.45406 | AC4: 1.295812 | AD4: 1.348807 | AE4: 1.53365
A5: 1000-8 | B5: 0.97229 | C5: 0.966982 | D5: 0.970941 | E5: 0.989764 | F5: 0.97033 | G5: 0.960613 | H5: 0.98227 | I5: 0.975924 | J5: 0.971954 | K5: 0.953761 | L5: 0.964523 | M5: 0.987134 | N5: 0.973567 | O5: 0.962028 | P5: 0.97459 | Q5: 0.97054 | R5: 0.970796 | S5: 0.978944 | T5: 0.975632 | U5: 0.974349 | V5: 0.966648 | W5: 0.952119 | X5: 0.959351 | Y5: 1.073672 | Z5: 0.964686 | AA5: 1.045024 | AB5: 1.021299 | AC5: 0.977749 | AD5: 0.955779 | AE5: 0.962908
A6: 1000-16 | B6: 0.899923 | C6: 0.902372 | D6: 0.894319 | E6: 0.897581 | F6: 0.91631 | G6: 0.893878 | H6: 0.887217 | I6: 0.910433 | J6: 0.899985 | K6: 0.895755 | L6: 0.890565 | M6: 0.909732 | N6: 0.901451 | O6: 0.886078 | P6: 0.966936 | Q6: 0.941826 | R6: 0.895229 | S6: 0.895338 | T6: 0.915758 | U6: 0.904266 | V6: 0.899901 | W6: 0.902302 | X6: 0.894515 | Y6: 0.89207 | Z6: 0.895792 | AA6: 0.896433 | AB6: 0.899103 | AC6: 0.883797 | AD6: 0.891197 | AE6: 0.882649
A7: 36526 | B7: 28.942533 | C7: 28.593621 | D7: 28.677453 | E7: 28.783961 | F7: 28.734591 | G7: 28.816471 | H7: 28.759901 | I7: 28.703109 | J7: 28.734536 | K7: 28.601906 | L7: 28.769228 | M7: 28.55397 | N7: 32.115859 | O7: 32.662407 | P7: 31.801701 | Q7: 31.235548 | R7: 31.460055 | S7: 30.150111 | T7: 30.682982 | U7: 29.296498 | V7: 29.242402 | W7: 29.245716 | X7: 29.314111 | Y7: 29.156185 | Z7: 29.337524 | AA7: 29.297034 | AB7: 29.171661 | AC7: 29.2686 | AD7: 29.827989 | AE7: 29.222782
A8: 36557 | B8: 17.686201 | C8: 17.727544 | D8: 17.599403 | E8: 17.686889 | F8: 17.715243 | G8: 17.713724 | H8: 17.651423 | I8: 17.783749 | J8: 17.727194 | K8: 17.719209 | L8: 19.900303 | M8: 21.164407 | N8: 17.541349 | O8: 17.315064 | P8: 17.421625 | Q8: 17.360109 | R8: 17.423647 | S8: 17.353024 | T8: 17.367294 | U8: 17.384349 | V8: 17.548907 | W8: 17.307442 | X8: 17.552819 | Y8: 17.263261 | Z8: 17.240628 | AA8: 17.213135 | AB8: 17.208575 | AC8: 17.268649 | AD8: 17.337413 | AE8: 17.26794
A9: 36617 | B9: 11.676335 | C9: 11.695605 | D9: 11.557637 | E9: 11.598491 | F9: 11.627149 | G9: 11.639205 | H9: 11.645049 | I9: 11.602683 | J9: 11.571287 | K9: 11.607904 | L9: 11.657988 | M9: 11.704784 | N9: 11.68011 | O9: 11.593932 | P9: 11.593083 | Q9: 11.714822 | R9: 11.59647 | S9: 11.601571 | T9: 11.66301 | U9: 11.672769 | V9: 11.618226 | W9: 11.610809 | X9: 11.563207 | Y9: 11.731893 | Z9: 11.891679 | AA9: 13.790671 | AB9: 12.083372 | AC9: 11.891524 | AD9: 11.581875 | AE9: 11.671381
A10: 36739 | B10: 9.253556 | C10: 9.334452 | D10: 9.226743 | E10: 9.325757 | F10: 9.312977 | G10: 9.311503 | H10: 9.510231 | I10: 9.249604 | J10: 9.211182 | K10: 9.281576 | L10: 9.433732 | M10: 9.264008 | N10: 9.312601 | O10: 9.454493 | P10: 9.45003 | Q10: 9.434972 | R10: 9.247363 | S10: 9.414711 | T10: 9.370151 | U10: 9.453858 | V10: 9.522151 | W10: 9.314871 | X10: 9.486008 | Y10: 9.668567 | Z10: 9.573683 | AA10: 9.532456 | AB10: 9.601908 | AC10: 9.906268 | AD10: 9.555033 | AE10: 9.429397
A11: 2000-16 | B11: 10.119739 | C11: 10.271737 | D11: 10.080802 | E11: 10.224361 | F11: 11.130386 | G11: 10.990696 | H11: 11.439664 | I11: 10.529315 | J11: 10.264394 | K11: 10.236045 | L11: 10.191679 | M11: 10.436329 | N11: 10.266923 | O11: 10.245082 | P11: 10.318814 | Q11: 10.187397 | R11: 10.277484 | S11: 10.432508 | T11: 10.248218 | U11: 10.139044 | V11: 10.226327 | W11: 10.143763 | X11: 10.23042 | Y11: 10.222338 | Z11: 10.20568 | AA11: 10.280134 | AB11: 10.22184 | AC11: 10.136316 | AD11: 10.129579 | AE11: 10.100682
A12: 767011 | B12: 249.9854 | C12: 250.43726 | D12: 248.83642 | E12: 252.58025 | F12: 249.06462 | G12: 252.00781 | H12: 249.97294 | I12: 249.69475 | J12: 255.20024 | K12: 251.71549 | L12: 252.94088 | M12: 276.45737 | N12: 256.61398 | O12: 247.67559 | P12: 250.02404 | Q12: 254.95837 | R12: 248.94495 | S12: 253.98009 | T12: 247.90965 | U12: 247.53427 | V12: 249.71962 | W12: 267.73343 | X12: 254.12105 | Y12: 255.3752 | Z12: 255.12628 | AA12: 253.21146 | AB12: 254.03481 | AC12: 256.9342 | AD12: 255.19937 | AE12: 257.94597
A13: 767042 | B13: 155.20666 | C13: 154.74424 | D13: 153.03878 | E13: 152.16968 | F13: 152.91997 | G13: 153.16021 | H13: 153.09558 | I13: 153.39058 | J13: 152.98155 | K13: 152.65677 | L13: 157.25982 | M13: 160.9234 | N13: 153.49355 | O13: 158.6822 | P13: 152.5979 | Q13: 154.87088 | R13: 153.13468 | S13: 154.83779 | T13: 153.98043 | U13: 153.06626 | V13: 154.38655 | W13: 153.36163 | X13: 159.36003 | Y13: 152.42736 | Z13: 152.5119 | AA13: 153.16045 | AB13: 169.56439 | AC13: 162.68957 | AD13: 157.84738 | AE13: 151.70139
A14: 767102 | B14: 105.27767 | C14: 105.95481 | D14: 107.75777 | E14: 106.1495 | F14: 105.03354 | G14: 105.11678 | H14: 106.56203 | I14: 107.37858 | J14: 105.04998 | K14: 105.81457 | L14: 105.83863 | M14: 106.89625 | N14: 106.65226 | O14: 105.19609 | P14: 106.81617 | Q14: 105.73928 | R14: 105.47068 | S14: 106.30864 | T14: 106.57405 | U14: 105.2121 | V14: 105.93112 | W14: 105.5398 | X14: 105.80567 | Y14: 106.90106 | Z14: 107.88767 | AA14: 105.59037 | AB14: 105.33737 | AC14: 107.01221 | AD14: 105.70618 | AE14: 105.65421
A15: 767224 | B15: 111.4132 | C15: 110.20092 | D15: 108.2572 | E15: 109.30495 | F15: 108.7984 | G15: 109.24337 | H15: 107.38366 | I15: 111.36493 | J15: 110.03723 | K15: 108.47482 | L15: 108.84226 | M15: 110.20424 | N15: 109.32327 | O15: 110.84935 | P15: 108.85342 | Q15: 108.57651 | R15: 109.52622 | S15: 108.93136 | T15: 106.71832 | U15: 109.71714 | V15: 110.10637 | W15: 108.69931 | X15: 110.38889 | Y15: 108.29411 | Z15: 108.11613 | AA15: 111.94687 | AB15: 115.49817 | AC15: 108.89939 | AD15: 110.19983 | AE15: 108.41398
A16: 4000-16 | B16: 108.93311 | C16: 109.22942 | D16: 109.46382 | E16: 109.85726 | F16: 110.15197 | G16: 109.88212 | H16: 108.78418 | I16: 109.19985 | J16: 109.6007 | K16: 109.05632 | L16: 109.42546 | M16: 109.2704 | N16: 109.43372 | O16: 108.77878 | P16: 109.89642 | Q16: 109.46859 | R16: 108.94207 | S16: 109.0721 | T16: 109.0207 | U16: 109.60728 | V16: 109.33129 | W16: 111.31652 | X16: 109.47109 | Y16: 109.32144 | Z16: 109.00967 | AA16: 109.60294 | AB16: 109.58726 | AC16: 110.11412 | AD16: 109.7976 | AE16: 109.54709

Sheet Datos_PC_2_Posix
A1: Configuracion | B1: Iter1 | C1: Iter2 | D1: Iter3 | E1: Iter4 | F1: Iter5 | G1: Iter6 | H1: Iter7 | I1: Iter8 | J1: Iter9 | K1: Iter10 | L1: Iter11 | M1: Iter12 | N1: Iter13 | O1: Iter14 | P1: Iter15 | Q1: Iter16 | R1: Iter17 | S1: Iter18 | T1: Iter19 | U1: Iter20 | V1: Iter21 | W1: Iter22 | X1: Iter23 | Y1: Iter24 | Z1: Iter25 | AA1: Iter26 | AB1: Iter27 | AC1: Iter28 | AD1: Iter29 | AE1: Iter30
A2: 1000-1 | B2: 3.158809 | C2: 3.172131 | D2: 3.210283 | E2: 3.299056 | F2: 3.226729 | G2: 3.123254 | H2: 3.233529 | I2: 3.176477 | J2: 3.155858 | K2: 3.128722 | L2: 3.116021 | M2: 3.148685 | N2: 3.122263 | O2: 3.152277 | P2: 3.209275 | Q2: 3.130843 | R2: 3.201926 | S2: 3.283147 | T2: 3.152292 | U2: 3.144063 | V2: 3.143521 | W2: 3.140483 | X2: 3.12409 | Y2: 3.169819 | Z2: 3.144952 | AA2: 3.244167 | AB2: 3.18785 | AC2: 3.139666 | AD2: 3.29452 | AE2: 3.2216
A3: 1000-2 | B3: 1.894709 | C3: 1.887508 | D3: 1.907575 | E3: 1.916655 | F3: 1.883785 | G3: 1.911259 | H3: 1.910347 | I3: 1.888887 | J3: 1.973338 | K3: 1.888813 | L3: 1.900669 | M3: 1.877861 | N3: 1.889919 | O3: 1.879441 | P3: 1.858926 | Q3: 1.886871 | R3: 1.885735 | S3: 1.859057 | T3: 1.858761 | U3: 1.872204 | V3: 1.884856 | W3: 1.880324 | X3: 1.93024 | Y3: 1.901987 | Z3: 1.900603 | AA3: 1.947026 | AB3: 1.90092 | AC3: 1.895809 | AD3: 1.879869 | AE3: 1.883081
A4: 1000-4 | B4: 1.253149 | C4: 1.249882 | D4: 1.257518 | E4: 1.250571 | F4: 1.241774 | G4: 1.250607 | H4: 1.251327 | I4: 1.246709 | J4: 1.24842 | K4: 1.256603 | L4: 1.259762 | M4: 1.25281 | N4: 1.254605 | O4: 1.249937 | P4: 1.337396 | Q4: 1.257252 | R4: 1.24328 | S4: 1.279448 | T4: 1.252842 | U4: 1.260335 | V4: 1.249146 | W4: 1.258017 | X4: 1.261225 | Y4: 1.256606 | Z4: 1.263318 | AA4: 1.262934 | AB4: 1.26452 | AC4: 1.261965 | AD4: 1.257865 | AE4: 1.253972
A5: 1000-8 | B5: 0.952829 | C5: 0.954622 | D5: 0.9459 | E5: 0.930701 | F5: 0.940613 | G5: 0.936024 | H5: 0.929012 | I5: 0.945239 | J5: 0.960264 | K5: 0.938586 | L5: 1.042261 | M5: 0.940899 | N5: 0.949667 | O5: 0.945348 | P5: 0.959214 | Q5: 0.946012 | R5: 0.941856 | S5: 0.938481 | T5: 0.950619 | U5: 0.929668 | V5: 0.95221 | W5: 0.937553 | X5: 0.94359 | Y5: 0.94037 | Z5: 0.958671 | AA5: 0.960214 | AB5: 0.939816 | AC5: 0.952081 | AD5: 0.944828 | AE5: 0.940148
A6: 1000-16 | B6: 0.913656 | C6: 0.902025 | D6: 0.906243 | E6: 0.89701 | F6: 0.896194 | G6: 0.896611 | H6: 0.917304 | I6: 0.906194 | J6: 0.866769 | K6: 0.876208 | L6: 0.920634 | M6: 0.903345 | N6: 0.907927 | O6: 1.091952 | P6: 0.951673 | Q6: 0.922403 | R6: 0.917173 | S6: 0.890074 | T6: 0.887109 | U6: 0.918648 | V6: 0.889111 | W6: 0.892003 | X6: 0.879377 | Y6: 0.908708 | Z6: 0.908339 | AA6: 0.887682 | AB6: 0.915948 | AC6: 0.888514 | AD6: 0.877502 | AE6: 0.885636
A7: 36526 | B7: 28.790833 | C7: 32.697472 | D7: 28.725635 | E7: 31.398026 | F7: 28.669455 | G7: 29.262014 | H7: 29.040017 | I7: 28.846025 | J7: 28.828257 | K7: 29.217551 | L7: 28.869644 | M7: 28.857355 | N7: 28.868002 | O7: 28.85494 | P7: 28.9666 | Q7: 28.861334 | R7: 28.842844 | S7: 29.364803 | T7: 29.950191 | U7: 29.337461 | V7: 29.559468 | W7: 29.187816 | X7: 28.868481 | Y7: 29.161784 | Z7: 28.876238 | AA7: 28.918042 | AB7: 29.041114 | AC7: 28.929512 | AD7: 28.798077 | AE7: 28.889181
A8: 36557 | B8: 17.223724 | C8: 17.366514 | D8: 17.274022 | E8: 17.340404 | F8: 17.273719 | G8: 17.25338 | H8: 17.253789 | I8: 17.257229 | J8: 17.27902 | K8: 17.261673 | L8: 17.303181 | M8: 17.400512 | N8: 17.364369 | O8: 17.628891 | P8: 17.743758 | Q8: 17.432284 | R8: 17.39707 | S8: 17.428127 | T8: 17.517563 | U8: 17.339472 | V8: 17.296671 | W8: 17.359174 | X8: 17.309554 | Y8: 17.297516 | Z8: 17.274947 | AA8: 17.279791 | AB8: 17.359968 | AC8: 17.290607 | AD8: 17.278987 | AE8: 17.334057
A9: 36617 | B9: 11.600829 | C9: 11.541789 | D9: 11.562903 | E9: 11.549543 | F9: 11.543529 | G9: 11.564116 | H9: 11.564089 | I9: 11.532494 | J9: 11.635542 | K9: 11.543432 | L9: 11.585147 | M9: 11.566869 | N9: 11.529179 | O9: 11.612631 | P9: 11.565207 | Q9: 11.551621 | R9: 11.571081 | S9: 11.570865 | T9: 11.555621 | U9: 11.607903 | V9: 11.58616 | W9: 11.569378 | X9: 11.578374 | Y9: 11.539841 | Z9: 11.534171 | AA9: 11.564932 | AB9: 11.547704 | AC9: 11.6269 | AD9: 11.552711 | AE9: 11.578866
A10: 36739 | B10: 9.116142 | C10: 9.118741 | D10: 9.130575 | E10: 9.184247 | F10: 9.276062 | G10: 9.196779 | H10: 9.250212 | I10: 9.073252 | J10: 9.121159 | K10: 9.269947 | L10: 9.102271 | M10: 9.280027 | N10: 9.248705 | O10: 9.213373 | P10: 9.213387 | Q10: 9.187573 | R10: 9.162381 | S10: 9.274014 | T10: 9.222257 | U10: 9.274402 | V10: 9.171456 | W10: 9.12061 | X10: 9.297123 | Y10: 9.221128 | Z10: 9.406458 | AA10: 9.089825 | AB10: 9.164913 | AC10: 9.195279 | AD10: 9.322138 | AE10: 9.045146
A11: 2000-16 | B11: 10.16041 | C11: 9.878835 | D11: 9.978289 | E11: 9.863132 | F11: 9.8877 | G11: 9.836729 | H11: 9.810743 | I11: 9.871873 | J11: 9.800008 | K11: 9.958055 | L11: 10.139546 | M11: 9.821337 | N11: 9.904365 | O11: 9.88897 | P11: 9.837857 | Q11: 9.85943 | R11: 9.876291 | S11: 9.887779 | T11: 10.002983 | U11: 9.827355 | V11: 9.901607 | W11: 9.810304 | X11: 10.162087 | Y11: 9.906561 | Z11: 9.90366 | AA11: 9.847737 | AB11: 9.954617 | AC11: 9.86933 | AD11: 9.842881 | AE11: 9.895341
A12: 767011 | B12: 244.96033 | C12: 253.77284 | D12: 273.35399 | E12: 329.66238 | F12: 280.34269 | G12: 279.62439 | H12: 276.19113 | I12: 288.64862 | J12: 288.00433 | K12: 271.20676 | L12: 277.14628 | M12: 279.18744 | N12: 258.90441 | O12: 248.69939 | P12: 248.47144 | Q12: 247.90786 | R12: 249.57728 | S12: 250.03566 | T12: 275.67234 | U12: 254.98084 | V12: 260.09803 | W12: 250.64007 | X12: 252.90493 | Y12: 250.7553 | Z12: 253.71325 | AA12: 254.1722 | AB12: 250.90069 | AC12: 249.11814 | AD12: 251.11643 | AE12: 251.3356
A13: 767042 | B13: 156.17394 | C13: 156.45209 | D13: 154.26699 | E13: 158.92285 | F13: 157.20525 | G13: 153.43439 | H13: 159.58208 | I13: 154.57711 | J13: 153.90511 | K13: 158.08131 | L13: 154.01284 | M13: 158.02496 | N13: 153.91242 | O13: 156.45693 | P13: 154.76557 | Q13: 154.32382 | R13: 154.34285 | S13: 153.82748 | T13: 153.18003 | U13: 153.66367 | V13: 153.60864 | W13: 154.85527 | X13: 155.41435 | Y13: 153.18504 | Z13: 154.48031 | AA13: 152.96809 | AB13: 159.73985 | AC13: 158.22234 | AD13: 153.15689 | AE13: 152.43451
A14: 767102 | B14: 105.82223 | C14: 105.73738 | D14: 105.85746 | E14: 105.15264 | F14: 104.74059 | G14: 105.57972 | H14: 105.90614 | I14: 106.53618 | J14: 104.89096 | K14: 105.88716 | L14: 104.9979 | M14: 105.32117 | N14: 106.02818 | O14: 107.03446 | P14: 105.27077 | Q14: 106.91416 | R14: 106.9321 | S14: 105.6857 | T14: 106.43194 | U14: 106.20629 | V14: 106.13842 | W14: 106.55746 | X14: 106.40895 | Y14: 106.60669 | Z14: 106.22502 | AA14: 106.53291 | AB14: 108.06255 | AC14: 105.78776 | AD14: 105.20842 | AE14: 106.50803
A15: 767224 | B15: 105.5285 | C15: 105.16977 | D15: 105.54258 | E15: 104.92858 | F15: 104.24667 | G15: 108.09692 | H15: 104.29272 | I15: 105.40857 | J15: 104.78181 | K15: 105.1046 | L15: 106.89319 | M15: 106.85359 | N15: 103.87511 | O15: 104.4675 | P15: 107.00532 | Q15: 105.16679 | R15: 106.45799 | S15: 106.87284 | T15: 105.25628 | U15: 105.55331 | V15: 105.50198 | W15: 104.3098 | X15: 104.27643 | Y15: 108.33754 | Z15: 105.67147 | AA15: 107.17658 | AB15: 105.09933 | AC15: 106.58202 | AD15: 105.97628 | AE15: 107.82906
A16: 4000-16 | B16: 98.339534 | C16: 102.39226 | D16: 103.87987 | E16: 102.35464 | F16: 101.80532 | G16: 98.505187 | H16: 99.086397 | I16: 101.5532 | J16: 98.152675 | K16: 96.412432 | L16: 96.893479 | M16: 97.058527 | N16: 97.646886 | O16: 98.248344 | P16: 98.692925 | Q16: 97.498825 | R16: 97.286708 | S16: 107.27855 | T16: 100.07695 | U16: 98.426176 | V16: 97.502588 | W16: 98.355771 | X16: 99.026718 | Y16: 97.438418 | Z16: 97.996453 | AA16: 98.870157 | AB16: 98.665815 | AC16: 97.514981 | AD16: 98.28797 | AE16: 97.601716

Sheet Datos_PC_2_OpenMP
A1: Configuracion | B1: Iter1 | C1: Iter2 | D1: Iter3 | E1: Iter4 | F1: Iter5 | G1: Iter6 | H1: Iter7 | I1: Iter8 | J1: Iter9 | K1: Iter10 | L1: Iter11 | M1: Iter12 | N1: Iter13 | O1: Iter14 | P1: Iter15 | Q1: Iter16 | R1: Iter17 | S1: Iter18 | T1: Iter19 | U1: Iter20 | V1: Iter21 | W1: Iter22 | X1: Iter23 | Y1: Iter24 | Z1: Iter25 | AA1: Iter26 | AB1: Iter27 | AC1: Iter28 | AD1: Iter29 | AE1: Iter30
A2: 1000-1 | B2: 0.844162 | C2: 0.844397 | D2: 0.8456 | E2: 0.85162 | F2: 0.848394 | G2: 0.854451 | H2: 0.858056 | I2: 0.839774 | J2: 0.855585 | K2: 0.846442 | L2: 0.854882 | M2: 0.85942 | N2: 0.839266 | O2: 0.848689 | P2: 0.849935 | Q2: 0.854484 | R2: 0.861345 | S2: 0.853633 | T2: 0.844199 | U2: 0.852311 | V2: 0.859446 | W2: 0.85404 | X2: 0.863553 | Y2: 0.857555 | Z2: 0.854737 | AA2: 0.856431 | AB2: 0.859978 | AC2: 0.858237 | AD2: 0.854197 | AE2: 0.851778
A3: 1000-2 | B3: 0.565426 | C3: 0.553261 | D3: 0.554947 | E3: 0.556952 | F3: 0.551674 | G3: 0.5613 | H3: 0.555087 | I3: 0.551624 | J3: 0.553222 | K3: 0.554123 | L3: 0.557062 | M3: 0.558481 | N3: 0.553945 | O3: 0.54963 | P3: 0.547598 | Q3: 0.559567 | R3: 0.558777 | S3: 0.552417 | T3: 0.55584 | U3: 0.557152 | V3: 0.563583 | W3: 0.55555 | X3: 0.549324 | Y3: 0.566173 | Z3: 0.555715 | AA3: 0.56545 | AB3: 0.563236 | AC3: 0.557048 | AD3: 0.554587 | AE3: 0.550821
A4: 1000-4 | B4: 0.388118 | C4: 0.400557 | D4: 0.4007 | E4: 0.398232 | F4: 0.397731 | G4: 0.401258 | H4: 0.397571 | I4: 0.39784 | J4: 0.405958 | K4: 0.40147 | L4: 0.394933 | M4: 0.393234 | N4: 0.393126 | O4: 0.39952 | P4: 0.402694 | Q4: 0.403889 | R4: 0.406179 | S4: 0.400929 | T4: 0.400098 | U4: 0.395942 | V4: 0.395718 | W4: 0.39023 | X4: 0.396853 | Y4: 0.397928 | Z4: 0.401177 | AA4: 0.39845 | AB4: 0.524058 | AC4: 0.39746 | AD4: 0.399363 | AE4: 0.403612
A5: 1000-8 | B5: 0.400723 | C5: 0.394112 | D5: 0.382222 | E5: 0.38271 | F5: 0.394923 | G5: 0.39371 | H5: 0.396683 | I5: 0.412483 | J5: 0.403884 | K5: 0.395589 | L5: 0.396182 | M5: 0.399243 | N5: 0.396247 | O5: 0.384524 | P5: 0.383421 | Q5: 0.399925 | R5: 0.391924 | S5: 0.400851 | T5: 0.39766 | U5: 0.389557 | V5: 0.402661 | W5: 0.396942 | X5: 0.399728 | Y5: 0.396073 | Z5: 0.384529 | AA5: 0.388135 | AB5: 0.385727 | AC5: 0.393225 | AD5: 0.398315 | AE5: 0.398302
A6: 1000-16 | B6: 0.403157 | C6: 0.391113 | D6: 0.395585 | E6: 0.390299 | F6: 0.389364 | G6: 0.384658 | H6: 0.388848 | I6: 0.385949 | J6: 0.387956 | K6: 0.38353 | L6: 0.388813 | M6: 0.383825 | N6: 0.388544 | O6: 0.397316 | P6: 0.39602 | Q6: 0.385914 | R6: 0.389069 | S6: 0.382727 | T6: 0.382967 | U6: 0.39138 | V6: 0.380557 | W6: 0.393232 | X6: 0.386841 | Y6: 0.393532 | Z6: 0.406823 | AA6: 0.393338 | AB6: 0.396941 | AC6: 0.389305 | AD6: 0.392582 | AE6: 0.387866
A7: 36526 | B7: 11.088046 | C7: 12.093377 | D7: 11.946952 | E7: 11.923216 | F7: 11.086385 | G7: 11.186566 | H7: 11.056782 | I7: 11.037508 | J7: 10.957324 | K7: 11.027581 | L7: 11.038409 | M7: 11.010277 | N7: 11.024141 | O7: 11.419811 | P7: 11.457186 | Q7: 10.995088 | R7: 11.042973 | S7: 10.998209 | T7: 11.126568 | U7: 10.938626 | V7: 11.059332 | W7: 10.967379 | X7: 11.078491 | Y7: 11.007545 | Z7: 11.016711 | AA7: 11.057756 | AB7: 11.191583 | AC7: 11.489692 | AD7: 11.012228 | AE7: 11.055322
A8: 36557 | B8: 7.067765 | C8: 7.085929 | D8: 7.091973 | E8: 7.09728 | F8: 7.17707 | G8: 7.111451 | H8: 7.173309 | I8: 7.160969 | J8: 7.126434 | K8: 7.106343 | L8: 7.139046 | M8: 7.185954 | N8: 7.156939 | O8: 7.151574 | P8: 7.107683 | Q8: 7.117525 | R8: 7.137657 | S8: 7.131465 | T8: 7.260239 | U8: 7.136945 | V8: 7.104405 | W8: 7.104975 | X8: 7.155785 | Y8: 7.108649 | Z8: 7.112188 | AA8: 7.107083 | AB8: 7.175655 | AC8: 7.106139 | AD8: 7.152577 | AE8: 7.104103
A9: 36617 | B9: 4.941389 | C9: 4.847284 | D9: 4.843386 | E9: 4.825294 | F9: 4.844083 | G9: 4.836883 | H9: 4.824411 | I9: 4.827438 | J9: 4.855497 | K9: 4.833781 | L9: 4.859134 | M9: 4.83743 | N9: 4.845944 | O9: 4.853551 | P9: 4.842424 | Q9: 4.829349 | R9: 4.931068 | S9: 5.139183 | T9: 4.831451 | U9: 4.843036 | V9: 4.832933 | W9: 4.821597 | X9: 4.8243 | Y9: 4.838161 | Z9: 4.875174 | AA9: 4.869011 | AB9: 4.858678 | AC9: 4.849005 | AD9: 4.837264 | AE9: 4.848542
A10: 36739 | B10: 4.842665 | C10: 4.721584 | D10: 4.745519 | E10: 4.825865 | F10: 4.957488 | G10: 4.709791 | H10: 4.673082 | I10: 4.685206 | J10: 4.692134 | K10: 5.048225 | L10: 4.700453 | M10: 4.707346 | N10: 4.740268 | O10: 4.693284 | P10: 4.665565 | Q10: 4.628111 | R10: 4.674945 | S10: 4.65487 | T10: 4.764136 | U10: 4.704169 | V10: 4.660848 | W10: 4.77961 | X10: 4.675927 | Y10: 4.681489 | Z10: 4.753577 | AA10: 4.629714 | AB10: 4.70116 | AC10: 4.583376 | AD10: 4.686694 | AE10: 4.867871
A11: 2000-16 | B11: 6.685119 | C11: 7.01945 | D11: 6.769763 | E11: 6.688357 | F11: 6.834376 | G11: 7.001952 | H11: 6.81193 | I11: 7.198179 | J11: 7.279821 | K11: 6.453369 | L11: 6.571979 | M11: 6.913064 | N11: 6.945018 | O11: 7.065259 | P11: 6.880405 | Q11: 6.844291 | R11: 6.991812 | S11: 6.721255 | T11: 7.031174 | U11: 7.193391 | V11: 6.82061 | W11: 7.230296 | X11: 6.685519 | Y11: 7.203762 | Z11: 6.994984 | AA11: 6.686825 | AB11: 7.027488 | AC11: 7.651573 | AD11: 6.761453 | AE11: 6.824678
A12: 767011 | B12: 190.87251 | C12: 193.04768 | D12: 193.73012 | E12: 200.38881 | F12: 192.2552 | G12: 190.32107 | H12: 195.18901 | I12: 196.64112 | J12: 191.11547 | K12: 191.6166 | L12: 191.32703 | M12: 193.02355 | N12: 191.74464 | O12: 192.81074 | P12: 197.65121 | Q12: 194.63432 | R12: 191.22571 | S12: 194.5523 | T12: 194.48463 | U12: 197.08768 | V12: 195.03342 | W12: 192.19086 | X12: 204.55875 | Y12: 192.3051 | Z12: 197.4011 | AA12: 192.91475 | AB12: 194.19263 | AC12: 192.48005 | AD12: 195.88843 | AE12: 197.52062
A13: 767042 | B13: 117.26969 | C13: 120.06819 | D13: 117.22942 | E13: 116.83205 | F13: 116.91035 | G13: 117.97886 | H13: 120.96777 | I13: 116.19412 | J13: 116.22798 | K13: 116.59746 | L13: 117.06496 | M13: 117.09296 | N13: 119.5268 | O13: 118.60818 | P13: 118.5104 | Q13: 117.72361 | R13: 118.34965 | S13: 116.6538 | T13: 117.14468 | U13: 119.7338 | V13: 120.67264 | W13: 116.84729 | X13: 117.06372 | Y13: 124.66883 | Z13: 118.86444 | AA13: 116.63705 | AB13: 116.93439 | AC13: 116.14475 | AD13: 121.24925 | AE13: 118.13284
A14: 767102 | B14: 84.136825 | C14: 82.73707 | D14: 83.518668 | E14: 83.784385 | F14: 83.851638 | G14: 82.952671 | H14: 82.235567 | I14: 82.649768 | J14: 83.512654 | K14: 82.278322 | L14: 82.520122 | M14: 82.184795 | N14: 83.110811 | O14: 82.651517 | P14: 82.896615 | Q14: 82.117764 | R14: 84.284343 | S14: 84.744341 | T14: 86.765459 | U14: 81.704854 | V14: 81.928111 | W14: 84.334586 | X14: 85.393696 | Y14: 84.525749 | Z14: 81.930692 | AA14: 82.042695 | AB14: 83.066699 | AC14: 83.12005 | AD14: 82.6358 | AE14: 83.381642
A15: 767224 | B15: 80.477172 | C15: 78.104967 | D15: 80.172929 | E15: 82.503566 | F15: 80.815217 | G15: 79.823145 | H15: 80.228807 | I15: 79.623987 | J15: 82.425641 | K15: 80.471862 | L15: 75.956202 | M15: 81.74985 | N15: 79.645934 | O15: 82.172585 | P15: 85.038347 | Q15: 82.936165 | R15: 76.879523 | S15: 82.287668 | T15: 82.638247 | U15: 81.973137 | V15: 82.601254 | W15: 79.117304 | X15: 84.689089 | Y15: 81.212166 | Z15: 83.897644 | AA15: 80.994069 | AB15: 83.464807 | AC15: 82.4928 | AD15: 80.432236 | AE15: 82.517957
A16: 4000-16 | B16: 84.374501 | C16: 84.327827 | D16: 84.074357 | E16: 84.721351 | F16: 84.32243 | G16: 83.856887 | H16: 83.752193 | I16: 84.221018 | J16: 84.792386 | K16: 84.291609 | L16: 83.717369 | M16: 83.578774 | N16: 84.334883 | O16: 84.883911 | P16: 84.110285 | Q16: 84.30817 | R16: 84.113522 | S16: 88.484064 | T16: 84.371599 | U16: 84.389159 | V16: 84.209255 | W16: 84.573967 | X16: 84.638339 | Y16: 84.28674 | Z16: 84.380383 | AA16: 83.733471 | AB16: 84.156476 | AC16: 83.935341 | AD16: 85.579837 | AE16: 86.304837

Sheet Datos_PC_3_Fork
A1: Configuracion | B1: Iter1 | C1: Iter2 | D1: Iter3 | E1: Iter4 | F1: Iter5 | G1: Iter6 | H1: Iter7 | I1: Iter8 | J1: Iter9 | K1: Iter10 | L1: Iter11 | M1: Iter12 | N1: Iter13 | O1: Iter14 | P1: Iter15 | Q1: Iter16 | R1: Iter17 | S1: Iter18 | T1: Iter19 | U1: Iter20 | V1: Iter21 | W1: Iter22 | X1: Iter23 | Y1: Iter24 | Z1: Iter25 | AA1: Iter26 | AB1: Iter27 | AC1: Iter28 | AD1: Iter29 | AE1: Iter30
A2: 1000-1 | B2: 4.895675 | C2: 3.544008 | D2: 4.882682 | E2: 4.348429 | F2: 3.874759 | G2: 4.54977 | H2: 4.558123 | I2: 4.518869 | J2: 4.475893 | K2: 4.375157 | L2: 4.44104 | M2: 4.486574 | N2: 4.534959 | O2: 4.458364 | P2: 4.44561 | Q2: 4.424964 | R2: 4.405927 | S2: 4.434014 | T2: 4.457507 | U2: 4.548449 | V2: 4.454075 | W2: 4.393736 | X2: 4.380511 | Y2: 4.524613 | Z2: 4.433263 | AA2: 4.304929 | AB2: 4.466288 | AC2: 4.377879 | AD2: 4.444042 | AE2: 4.449329
A3: 1000-2 | B3: 2.219862 | C3: 2.116584 | D3: 2.165206 | E3: 2.171408 | F3: 2.158597 | G3: 2.177241 | H3: 2.119986 | I3: 2.211342 | J3: 2.301726 | K3: 2.14151 | L3: 2.069254 | M3: 2.095806 | N3: 2.173586 | O3: 2.120024 | P3: 2.133883 | Q3: 2.211637 | R3: 2.26039 | S3: 2.108886 | T3: 2.132702 | U3: 2.151631 | V3: 2.142218 | W3: 2.13936 | X3: 2.385598 | Y3: 2.118608 | Z3: 2.160831 | AA3: 2.079191 | AB3: 2.107107 | AC3: 2.09261 | AD3: 2.072314 | AE3: 2.150036
A4: 1000-4 | B4: 1.063269 | C4: 1.015322 | D4: 1.007491 | E4: 1.004065 | F4: 1.017159 | G4: 1.0147 | H4: 1.04487 | I4: 1.026107 | J4: 1.029957 | K4: 1.01907 | L4: 1.009003 | M4: 1.005763 | N4: 1.026499 | O4: 1.026359 | P4: 1.013974 | Q4: 1.010705 | R4: 1.022954 | S4: 1.016322 | T4: 1.008773 | U4: 1.00905 | V4: 1.064425 | W4: 1.031053 | X4: 1.010489 | Y4: 1.012962 | Z4: 1.012917 | AA4: 1.023786 | AB4: 1.014882 | AC4: 1.00254 | AD4: 1.027648 | AE4: 1.004765
A5: 1000-8 | B5: 1.017933 | C5: 0.96037 | D5: 1.032878 | E5: 1.031654 | F5: 0.9751 | G5: 1.024966 | H5: 1.02188 | I5: 1.027311 | J5: 1.014432 | K5: 0.985175 | L5: 0.95621 | M5: 0.9846 | N5: 1.022431 | O5: 0.96256 | P5: 1.021104 | Q5: 1.047453 | R5: 1.013649 | S5: 1.011638 | T5: 1.016392 | U5: 0.974027 | V5: 0.969355 | W5: 1.016404 | X5: 1.026439 | Y5: 1.038225 | Z5: 1.045455 | AA5: 1.058814 | AB5: 0.993787 | AC5: 1.025821 | AD5: 1.042912 | AE5: 1.027564
A6: 1000-16 | B6: 1.016655 | C6: 0.967014 | D6: 0.976216 | E6: 1.054019 | F6: 1.004761 | G6: 1.060799 | H6: 1.050977 | I6: 1.050158 | J6: 1.054721 | K6: 0.993527 | L6: 0.967265 | M6: 1.043327 | N6: 1.076541 | O6: 1.06279 | P6: 1.021318 | Q6: 1.045747 | R6: 1.035364 | S6: 0.976172 | T6: 1.057653 | U6: 1.069431 | V6: 1.047171 | W6: 1.043317 | X6: 1.059864 | Y6: 0.956848 | Z6: 1.023162 | AA6: 1.037303 | AB6: 1.025758 | AC6: 1.061663 | AD6: 1.036047 | AE6: 1.031309
A7: 36526 | B7: 48.892947 | C7: 48.320069 | D7: 50.712014 | E7: 45.849341 | F7: 47.088149 | G7: 49.007171 | H7: 47.878933 | I7: 48.24662 | J7: 47.050474 | K7: 47.720657 | L7: 46.982677 | M7: 51.247662 | N7: 48.448391 | O7: 47.774984 | P7: 45.823218 | Q7: 52.615127 | R7: 46.74346 | S7: 48.273949 | T7: 51.66721 | U7: 46.51422 | V7: 45.016237 | W7: 49.495935 | X7: 49.1155 | Y7: 46.522632 | Z7: 48.11271 | AA7: 47.983281 | AB7: 47.184108 | AC7: 48.976375 | AD7: 51.5649 | AE7: 49.036373
A8: 36557 | B8: 24.921109 | C8: 26.027854 | D8: 24.998351 | E8: 24.124261 | F8: 26.522389 | G8: 23.025408 | H8: 25.750421 | I8: 25.876239 | J8: 24.081175 | K8: 23.834626 | L8: 25.498155 | M8: 25.887864 | N8: 24.977038 | O8: 26.548337 | P8: 24.155694 | Q8: 23.338014 | R8: 24.973732 | S8: 25.072149 | T8: 25.167857 | U8: 25.130497 | V8: 24.062511 | W8: 22.523541 | X8: 24.021353 | Y8: 23.884564 | Z8: 25.868425 | AA8: 26.004326 | AB8: 25.177475 | AC8: 25.289678 | AD8: 25.263002 | AE8: 25.126035
A9: 36617 | B9: 12.615816 | C9: 12.315232 | D9: 12.453484 | E9: 12.744252 | F9: 12.107526 | G9: 12.381531 | H9: 12.565343 | I9: 11.730083 | J9: 12.333455 | K9: 12.770208 | L9: 12.646901 | M9: 12.011872 | N9: 11.764396 | O9: 12.568385 | P9: 12.795002 | Q9: 12.319965 | R9: 12.16258 | S9: 12.693324 | T9: 12.900906 | U9: 12.38356 | V9: 12.823616 | W9: 12.573542 | X9: 12.737965 | Y9: 11.887287 | Z9: 12.36314 | AA9: 12.354934 | AB9: 12.073764 | AC9: 12.978706 | AD9: 11.58029 | AE9: 12.391376
A10: 36739 | B10: 10.900333 | C10: 11.645832 | D10: 11.855089 | E10: 11.132054 | F10: 11.969806 | G10: 11.916684 | H10: 10.92035 | I10: 11.84096 | J10: 12.222705 | K10: 11.056685 | L10: 12.123046 | M10: 11.597794 | N10: 11.738605 | O10: 11.294058 | P10: 11.807159 | Q10: 11.365529 | R10: 11.302934 | S10: 11.314886 | T10: 11.659459 | U10: 11.621287 | V10: 10.994833 | W10: 11.308213 | X10: 11.824875 | Y10: 11.305539 | Z10: 11.832618 | AA10: 11.611953 | AB10: 11.362556 | AC10: 12.002658 | AD10: 12.126085 | AE10: 11.700366
A11: 2000-16 | B11: 11.546866 | C11: 12.07663 | D11: 12.009851 | E11: 11.19186 | F11: 11.494085 | G11: 11.825036 | H11: 11.223098 | I11: 11.659629 | J11: 11.357532 | K11: 11.166707 | L11: 10.757526 | M11: 11.622568 | N11: 11.651915 | O11: 10.470928 | P11: 11.882646 | Q11: 11.639362 | R11: 11.62093 | S11: 11.697395 | T11: 11.007373 | U11: 11.05061 | V11: 11.501774 | W11: 11.017885 | X11: 11.676422 | Y11: 12.079645 | Z11: 10.996758 | AA11: 12.101214 | AB11: 12.222651 | AC11: 11.389467 | AD11: 10.504226 | AE11: 11.37229
A12: 767011 | B12: 653.08754 | C12: 641.84152 | D12: 651.17536 | E12: 650.65004 | F12: 639.01595 | G12: 646.946 | H12: 682.41648 | I12: 649.88105 | J12: 644.51779 | K12: 626.03643 | L12: 689.03215 | M12: 697.53439 | N12: 673.65839 | O12: 676.4314 | P12: 674.07768 | Q12: 666.87789 | R12: 690.27563 | S12: 656.46949 | T12: 658.14514 | U12: 665.46989 | V12: 663.69932 | W12: 665.26256 | X12: 652.3325 | Y12: 668.12593 | Z12: 661.86853 | AA12: 675.0641 | AB12: 681.96462 | AC12: 655.00446 | AD12: 666.58678 | AE12: 666.57232
A13: 767042 | B13: 336.29147 | C13: 341.31596 | D13: 331.82544 | E13: 340.87986 | F13: 330.29411 | G13: 329.64927 | H13: 327.63582 | I13: 342.17532 | J13: 339.13725 | K13: 331.28907 | L13: 327.74612 | M13: 340.71278 | N13: 327.72388 | O13: 323.82816 | P13: 327.69109 | Q13: 334.07147 | R13: 325.152 | S13: 333.16465 | T13: 330.37439 | U13: 316.22414 | V13: 330.81365 | W13: 322.72287 | X13: 330.77372 | Y13: 320.70958 | Z13: 318.39059 | AA13: 317.31723 | AB13: 324.54733 | AC13: 339.35475 | AD13: 329.08488 | AE13: 330.18098
A14: 767102 | B14: 164.29695 | C14: 163.72076 | D14: 170.60604 | E14: 166.70043 | F14: 166.72018 | G14: 165.36703 | H14: 160.53523 | I14: 160.23869 | J14: 157.50168 | K14: 159.59779 | L14: 162.91941 | M14: 159.87766 | N14: 155.46178 | O14: 158.64697 | P14: 165.81925 | Q14: 162.06191 | R14: 160.01067 | S14: 156.94544 | T14: 163.27878 | U14: 154.45887 | V14: 165.03814 | W14: 158.11931 | X14: 165.63584 | Y14: 159.77886 | Z14: 161.15666 | AA14: 162.05445 | AB14: 162.51894 | AC14: 163.00232 | AD14: 160.5147 | AE14: 160.62031
A15: 767224 | B15: 155.35494 | C15: 155.64541 | D15: 158.80439 | E15: 152.92198 | F15: 158.73879 | G15: 158.32695 | H15: 156.2488 | I15: 160.10506 | J15: 160.2222 | K15: 159.46316 | L15: 162.60511 | M15: 164.32664 | N15: 166.03032 | O15: 163.93685 | P15: 160.05061 | Q15: 155.07515 | R15: 162.78993 | S15: 158.05141 | T15: 159.81662 | U15: 160.39689 | V15: 161.23131 | W15: 161.73759 | X15: 160.71168 | Y15: 157.66965 | Z15: 160.51944 | AA15: 157.99614 | AB15: 157.37776 | AC15: 162.33546 | AD15: 158.71435 | AE15: 155.33744
A16: 4000-16 | B16: 161.03654 | C16: 159.73215 | D16: 164.42077 | E16: 162.70837 | F16: 163.86482 | G16: 158.74832 | H16: 156.46875 | I16: 163.83975 | J16: 155.23665 | K16: 161.93942 | L16: 161.90314 | M16: 162.26855 | N16: 164.94416 | O16: 162.41132 | P16: 166.18593 | Q16: 164.39609 | R16: 162.37638 | S16: 159.39469 | T16: 157.08226 | U16: 154.27239 | V16: 156.29951 | W16: 164.45159 | X16: 171.32576 | Y16: 173.38691 | Z16: 170.1478 | AA16: 161.98182 | AB16: 167.86559 | AC16: 165.57259 | AD16: 156.67668 | AE16: 157.99713

Sheet Datos_PC_3_Posix
A1: Configuracion | B1: Iter1 | C1: Iter2 | D1: Iter3 | E1: Iter4 | F1: Iter5 | G1: Iter6 | H1: Iter7 | I1: Iter8 | J1: Iter9 | K1: Iter10 | L1: Iter11 | M1: Iter12 | N1: Iter13 | O1: Iter14 | P1: Iter15 | Q1: Iter16 | R1: Iter17 | S1: Iter18 | T1: Iter19 | U1: Iter20 | V1: Iter21 | W1: Iter22 | X1: Iter23 | Y1: Iter24 | Z1: Iter25 | AA1: Iter26 | AB1: Iter27 | AC1: Iter28 | AD1: Iter29 | AE1: Iter30
A2: 1000-1 | B2: 3.894569 | C2: 4.53973 | D2: 4.402795 | E2: 4.361489 | F2: 4.558233 | G2: 4.505895 | H2: 4.319173 | I2: 4.442603 | J2: 4.408692 | K2: 3.82955 | L2: 4.385626 | M2: 4.307126 | N2: 4.363308 | O2: 4.444533 | P2: 4.386108 | Q2: 4.308628 | R2: 4.289859 | S2: 4.337694 | T2: 4.266421 | U2: 4.439064 | V2: 4.726234 | W2: 4.358671 | X2: 4.529508 | Y2: 4.390163 | Z2: 4.408003 | AA2: 4.443537 | AB2: 4.501291 | AC2: 4.375613 | AD2: 4.48595 | AE2: 4.344901
A3: 1000-2 | B3: 2.160508 | C3: 2.213578 | D3: 2.14118 | E3: 2.133523 | F3: 2.211299 | G3: 2.101912 | H3: 2.162488 | I3: 2.163145 | J3: 2.170898 | K3: 2.085813 | L3: 2.187355 | M3: 2.200749 | N3: 2.121491 | O3: 2.098466 | P3: 2.140007 | Q3: 2.148812 | R3: 2.538349 | S3: 2.394557 | T3: 2.113716 | U3: 2.175553 | V3: 2.118881 | W3: 2.170051 | X3: 2.280988 | Y3: 2.225634 | Z3: 2.167498 | AA3: 2.178467 | AB3: 2.211895 | AC3: 2.431991 | AD3: 2.158415 | AE3: 2.242747
A4: 1000-4 | B4: 0.997486 | C4: 1.008694 | D4: 1.005726 | E4: 1.006348 | F4: 1.022764 | G4: 1.015307 | H4: 1.016932 | I4: 1.02521 | J4: 1.005377 | K4: 1.044241 | L4: 1.019069 | M4: 1.035163 | N4: 1.018585 | O4: 1.034186 | P4: 1.08208 | Q4: 1.011085 | R4: 1.034907 | S4: 1.037909 | T4: 1.025477 | U4: 1.0265 | V4: 1.018927 | W4: 1.010752 | X4: 1.037631 | Y4: 1.017674 | Z4: 1.044449 | AA4: 1.01428 | AB4: 1.059845 | AC4: 1.029101 | AD4: 1.026627 | AE4: 1.019658
A5: 1000-8 | B5: 1.024662 | C5: 1.082208 | D5: 1.012825 | E5: 0.974474 | F5: 1.018359 | G5: 1.019653 | H5: 1.030006 | I5: 1.025438 | J5: 1.01668 | K5: 1.042771 | L5: 1.016801 | M5: 1.014793 | N5: 0.954277 | O5: 0.926451 | P5: 0.986228 | Q5: 0.9968 | R5: 1.014067 | S5: 0.998939 | T5: 1.025011 | U5: 1.017701 | V5: 0.95053 | W5: 1.008484 | X5: 1.017914 | Y5: 1.01361 | Z5: 0.946082 | AA5: 0.924226 | AB5: 0.939321 | AC5: 0.938092 | AD5: 0.937981 | AE5: 1.030581
A6: 1000-16 | B6: 0.998863 | C6: 1.013058 | D6: 0.993192 | E6: 1.012089 | F6: 0.986842 | G6: 0.995731 | H6: 0.995796 | I6: 1.002185 | J6: 1.00008 | K6: 1.022307 | L6: 1.038502 | M6: 0.931045 | N6: 0.999534 | O6: 0.996918 | P6: 0.988817 | Q6: 0.990529 | R6: 0.995171 | S6: 0.993748 | T6: 0.927545 | U6: 1.012526 | V6: 0.999136 | W6: 0.993866 | X6: 0.999004 | Y6: 0.999295 | Z6: 0.874684 | AA6: 1.015288 | AB6: 0.992545 | AC6: 0.930929 | AD6: 0.98899 | AE6: 0.996154
A7: 36526 | B7: 48.800895 | C7: 50.911453 | D7: 50.20734 | E7: 53.188872 | F7: 50.764995 | G7: 47.599295 | H7: 50.817923 | I7: 50.5169 | J7: 53.723513 | K7: 47.666707 | L7: 46.872705 | M7: 47.836435 | N7: 50.178167 | O7: 51.324128 | P7: 47.266585 | Q7: 48.790331 | R7: 50.778131 | S7: 47.510362 | T7: 52.790786 | U7: 46.692498 | V7: 51.301706 | W7: 47.850317 | X7: 47.764789 | Y7: 48.819999 | Z7: 50.294329 | AA7: 49.801347 | AB7: 51.695259 | AC7: 46.40351 | AD7: 48.745758 | AE7: 51.548588
A8: 36557 | B8: 26.155646 | C8: 25.584297 | D8: 24.619025 | E8: 25.361151 | F8: 25.77257 | G8: 26.538998 | H8: 24.936976 | I8: 24.615028 | J8: 23.726036 | K8: 23.657112 | L8: 25.534191 | M8: 25.118549 | N8: 26.058368 | O8: 25.28632 | P8: 24.82414 | Q8: 25.338436 | R8: 26.185733 | S8: 26.277765 | T8: 26.169358 | U8: 25.985542 | V8: 24.375137 | W8: 27.207919 | X8: 26.11321 | Y8: 22.783323 | Z8: 24.231845 | AA8: 26.607939 | AB8: 25.442561 | AC8: 24.614473 | AD8: 23.899202 | AE8: 25.499279
A9: 36617 | B9: 12.067914 | C9: 11.939016 | D9: 12.62816 | E9: 11.994159 | F9: 11.787282 | G9: 12.331996 | H9: 12.385071 | I9: 12.380433 | J9: 12.553522 | K9: 11.950899 | L9: 13.742754 | M9: 12.511842 | N9: 12.55915 | O9: 11.775255 | P9: 12.348596 | Q9: 12.404712 | R9: 12.248075 | S9: 11.911011 | T9: 12.496449 | U9: 12.555212 | V9: 11.919409 | W9: 12.471063 | X9: 12.316554 | Y9: 12.202389 | Z9: 11.867386 | AA9: 12.38268 | AB9: 12.376079 | AC9: 12.215656 | AD9: 12.189006 | AE9: 12.72847
A10: 36739 | B10: 11.306753 | C10: 10.057614 | D10: 11.592542 | E10: 11.197924 | F10: 11.525465 | G10: 11.570779 | H10: 11.231315 | I10: 11.033212 | J10: 10.628985 | K10: 11.072369 | L10: 11.535294 | M10: 10.961875 | N10: 11.594452 | O10: 10.929385 | P10: 11.529717 | Q10: 11.957986 | R10: 11.122382 | S10: 11.633907 | T10: 12.010163 | U10: 11.60145 | V10: 11.692523 | W10: 11.63818 | X10: 11.740495 | Y10: 11.050484 | Z10: 11.697897 | AA10: 11.729204 | AB10: 11.251826 | AC10: 11.339277 | AD10: 11.716668 | AE10: 11.954071
A11: 2000-16 | B11: 11.615015 | C11: 10.660603 | D11: 11.61525 | E11: 11.047433 | F11: 11.041361 | G11: 11.55696 | H11: 11.819961 | I11: 10.936159 | J11: 11.517802 | K11: 11.356068 | L11: 11.379702 | M11: 11.475803 | N11: 10.823514 | O11: 11.02769 | P11: 10.485744 | Q11: 11.163783 | R11: 10.472686 | S11: 11.240928 | T11: 10.572502 | U11: 10.566433 | V11: 10.85012 | W11: 10.75119 | X11: 10.685898 | Y11: 10.580922 | Z11: 10.947383 | AA11: 10.834141 | AB11: 11.632085 | AC11: 12.856143 | AD11: 11.203894 | AE11: 11.200097
A12: 767011 | B12: 668.57228 | C12: 663.17966 | D12: 673.97789 | E12: 668.84251 | F12: 660.16251 | G12: 663.0974 | H12: 666.92631 | I12: 667.05034 | J12: 682.24943 | K12: 691.18002 | L12: 668.50228 | M12: 677.80649 | N12: 674.3745 | O12: 672.12409 | P12: 677.97142 | Q12: 674.71252 | R12: 660.5963 | S12: 684.39191 | T12: 693.59923 | U12: 689.54128 | V12: 676.47018 | W12: 655.32623 | X12: 681.40389 | Y12: 689.46434 | Z12: 657.18329 | AA12: 664.24589 | AB12: 674.86608 | AC12: 684.8579 | AD12: 693.15062 | AE12: 687.67048
A13: 767042 | B13: 333.0578 | C13: 341.88393 | D13: 330.55937 | E13: 331.38837 | F13: 341.16278 | G13: 334.59286 | H13: 348.392 | I13: 335.42891 | J13: 346.58349 | K13: 329.37682 | L13: 342.11792 | M13: 334.34134 | N13: 329.85576 | O13: 331.56488 | P13: 330.84274 | Q13: 345.45827 | R13: 341.32099 | S13: 339.34745 | T13: 332.11991 | U13: 328.77487 | V13: 337.03262 | W13: 339.26636 | X13: 331.85321 | Y13: 332.93977 | Z13: 342.85469 | AA13: 330.11123 | AB13: 331.96202 | AC13: 329.73835 | AD13: 326.52341 | AE13: 332.90615
A14: 767102 | B14: 163.40842 | C14: 162.16351 | D14: 168.26484 | E14: 165.34017 | F14: 160.92347 | G14: 166.59295 | H14: 165.41613 | I14: 168.42667 | J14: 162.07971 | K14: 171.30091 | L14: 177.96919 | M14: 168.55634 | N14: 167.7739 | O14: 172.68972 | P14: 162.25432 | Q14: 165.06156 | R14: 164.00159 | S14: 160.99918 | T14: 164.2896 | U14: 163.58627 | V14: 158.68235 | W14: 169.71364 | X14: 164.04231 | Y14: 166.03718 | Z14: 164.8293 | AA14: 170.48494 | AB14: 164.72205 | AC14: 161.68535 | AD14: 165.23396 | AE14: 160.49787
A15: 767224 | B15: 153.80249 | C15: 156.38046 | D15: 157.12207 | E15: 157.01205 | F15: 154.94611 | G15: 152.02741 | H15: 157.78552 | I15: 157.71902 | J15: 158.34203 | K15: 158.26501 | L15: 156.16403 | M15: 154.67978 | N15: 158.77532 | O15: 154.31711 | P15: 155.28949 | Q15: 158.96346 | R15: 155.92585 | S15: 156.73928 | T15: 162.7867 | U15: 166.01735 | V15: 170.32567 | W15: 165.93088 | X15: 160.68141 | Y15: 159.35881 | Z15: 160.03096 | AA15: 157.17672 | AB15: 157.08168 | AC15: 155.525 | AD15: 158.00269 | AE15: 156.44966
A16: 4000-16 | B16: 158.47149 | C16: 159.01922 | D16: 160.8496 | E16: 158.08877 | F16: 158.65339 | G16: 158.73983 | H16: 162.36638 | I16: 159.80002 | J16: 162.1578 | K16: 159.57847 | L16: 157.8 | M16: 164.35581 | N16: 158.63395 | O16: 162.1792 | P16: 160.31361 | Q16: 156.30609 | R16: 155.86905 | S16: 158.55934 | T16: 160.458 | U16: 156.26997 | V16: 155.99646 | W16: 159.77033 | X16: 158.7052 | Y16: 163.14011 | Z16: 161.10757 | AA16: 159.47858 | AB16: 157.32919 | AC16: 156.02569 | AD16: 164.45209 | AE16: 159.37434

Sheet Datos_PC_3_OpenMP
A1: Configuracion | B1: Iter1 | C1: Iter2 | D1: Iter3 | E1: Iter4 | F1: Iter5 | G1: Iter6 | H1: Iter7 | I1: Iter8 | J1: Iter9 | K1: Iter10 | L1: Iter11 | M1: Iter12 | N1: Iter13 | O1: Iter14 | P1: Iter15 | Q1: Iter16 | R1: Iter17 | S1: Iter18 | T1: Iter19 | U1: Iter20 | V1: Iter21 | W1: Iter22 | X1: Iter23 | Y1: Iter24 | Z1: Iter25 | AA1: Iter26 | AB1: Iter27 | AC1: Iter28 | AD1: Iter29 | AE1: Iter30
A2: 1000-1 | B2: 1.735568 | C2: 1.70378 | D2: 1.53982 | E2: 1.404936 | F2: 1.728898 | G2: 1.799562 | H2: 1.700397 | I2: 1.722574 | J2: 1.677116 | K2: 1.730508 | L2: 1.758315 | M2: 1.71283 | N2: 1.738168 | O2: 1.807168 | P2: 1.792604 | Q2: 1.737415 | R2: 1.714996 | S2: 1.721123 | T2: 1.71461 | U2: 1.71672 | V2: 1.712641 | W2: 1.568202 | X2: 1.755013 | Y2: 1.682459 | Z2: 1.71615 | AA2: 1.790087 | AB2: 1.69337 | AC2: 1.747277 | AD2: 1.68357 | AE2: 1.691176
A3: 1000-2 | B3: 0.861166 | C3: 0.857254 | D3: 0.842003 | E3: 0.861151 | F3: 0.849019 | G3: 0.83703 | H3: 0.852176 | I3: 0.937962 | J3: 0.847071 | K3: 0.848525 | L3: 0.854862 | M3: 0.872435 | N3: 0.845027 | O3: 0.897565 | P3: 0.872394 | Q3: 0.855748 | R3: 0.836827 | S3: 0.882239 | T3: 0.949203 | U3: 0.844003 | V3: 0.858285 | W3: 0.882812 | X3: 0.966058 | Y3: 0.896236 | Z3: 0.940289 | AA3: 0.93729 | AB3: 0.848295 | AC3: 0.918112 | AD3: 0.943003 | AE3: 0.889833
A4: 1000-4 | B4: 0.458044 | C4: 0.436629 | D4: 0.432393 | E4: 0.425286 | F4: 0.418418 | G4: 0.434927 | H4: 0.429248 | I4: 0.429527 | J4: 0.435183 | K4: 0.426158 | L4: 0.427623 | M4: 0.432615 | N4: 0.426542 | O4: 0.427233 | P4: 0.425828 | Q4: 0.422436 | R4: 0.431637 | S4: 0.439673 | T4: 0.423599 | U4: 0.422568 | V4: 0.44982 | W4: 0.454169 | X4: 0.461056 | Y4: 0.427893 | Z4: 0.426346 | AA4: 0.426204 | AB4: 0.422879 | AC4: 0.426897 | AD4: 0.418798 | AE4: 0.432723
A5: 1000-8 | B5: 0.432278 | C5: 0.440913 | D5: 0.41949 | E5: 0.429188 | F5: 0.396804 | G5: 0.408855 | H5: 0.435794 | I5: 0.413996 | J5: 0.39817 | K5: 0.420687 | L5: 0.430929 | M5: 0.431873 | N5: 0.430567 | O5: 0.399937 | P5: 0.402282 | Q5: 0.422122 | R5: 0.437469 | S5: 0.416128 | T5: 0.426864 | U5: 0.404392 | V5: 0.433638 | W5: 0.400918 | X5: 0.417272 | Y5: 0.419857 | Z5: 0.39853 | AA5: 0.40212 | AB5: 0.42341 | AC5: 0.376397 | AD5: 0.360449 | AE5: 0.403591
A6: 1000-16 | B6: 0.370895 | C6: 0.373215 | D6: 0.393681 | E6: 0.428428 | F6: 0.395707 | G6: 0.371896 | H6: 0.422332 | I6: 0.42151 | J6: 0.396919 | K6: 0.395629 | L6: 0.424673 | M6: 0.398897 | N6: 0.421721 | O6: 0.403628 | P6: 0.420601 | Q6: 0.42301 | R6: 0.396975 | S6: 0.421698 | T6: 0.37133 | U6: 0.371536 | V6: 0.396987 | W6: 0.398614 | X6: 0.394017 | Y6: 0.422903 | Z6: 0.376148 | AA6: 0.400819 | AB6: 0.422322 | AC6: 0.391854 | AD6: 0.394295 | AE6: 0.422452
A7: 36526 | B7: 40.393593 | C7: 37.979843 | D7: 40.417949 | E7: 37.927107 | F7: 35.69522 | G7: 38.446953 | H7: 43.19385 | I7: 39.721844 | J7: 39.063825 | K7: 42.204212 | L7: 34.23654 | M7: 37.929922 | N7: 39.715948 | O7: 40.539385 | P7: 37.465193 | Q7: 36.455514 | R7: 36.878136 | S7: 40.854084 | T7: 38.312469 | U7: 39.127938 | V7: 40.703728 | W7: 38.282475 | X7: 35.984167 | Y7: 35.774415 | Z7: 38.763146 | AA7: 39.842476 | AB7: 37.970222 | AC7: 40.554242 | AD7: 41.613978 | AE7: 38.400161
A8: 36557 | B8: 20.890931 | C8: 21.218743 | D8: 20.94655 | E8: 19.179297 | F8: 19.184097 | G8: 20.060829 | H8: 19.787533 | I8: 20.803519 | J8: 18.115776 | K8: 20.351145 | L8: 19.936241 | M8: 18.194661 | N8: 20.876887 | O8: 19.035064 | P8: 19.165288 | Q8: 19.253258 | R8: 19.645861 | S8: 20.867405 | T8: 17.857517 | U8: 20.89784 | V8: 18.520453 | W8: 19.561843 | X8: 19.994767 | Y8: 18.601023 | Z8: 21.359044 | AA8: 18.337015 | AB8: 21.780771 | AC8: 19.65047 | AD8: 20.05003 | AE8: 20.042599
A9: 36617 | B9: 10.096516 | C9: 9.877728 | D9: 9.983783 | E9: 9.244131 | F9: 9.168614 | G9: 10.026861 | H9: 9.681635 | I9: 9.136896 | J9: 10.343335 | K9: 10.050423 | L9: 9.759301 | M9: 10.113523 | N9: 9.806519 | O9: 10.475501 | P9: 9.912659 | Q9: 10.512309 | R9: 9.680704 | S9: 9.439434 | T9: 9.249766 | U9: 10.420483 | V9: 10.03069 | W9: 9.558711 | X9: 9.306552 | Y9: 10.065267 | Z9: 9.954124 | AA9: 9.190015 | AB9: 9.981574 | AC9: 10.439939 | AD9: 9.801865 | AE9: 9.47764
A10: 36739 | B10: 9.824346 | C10: 9.368515 | D10: 8.724012 | E10: 9.607541 | F10: 9.784584 | G10: 9.09267 | H10: 10.299254 | I10: 10.068586 | J10: 9.060129 | K10: 9.521057 | L10: 9.718551 | M10: 8.69388 | N10: 8.7512 | O10: 9.794805 | P10: 9.80173 | Q10: 9.369133 | R10: 9.516039 | S10: 9.198355 | T10: 9.612125 | U10: 9.814252 | V10: 9.842478 | W10: 9.593959 | X10: 9.786168 | Y10: 9.723261 | Z10: 9.046349 | AA10: 9.293562 | AB10: 10.144879 | AC10: 8.728715 | AD10: 8.808441 | AE10: 10.083073
A11: 2000-16 | B11: 9.065475 | C11: 9.525287 | D11: 10.220432 | E11: 9.249285 | F11: 9.590295 | G11: 7.649316 | H11: 9.635835 | I11: 8.984885 | J11: 9.486846 | K11: 9.631117 | L11: 9.810568 | M11: 9.214828 | N11: 10.135065 | O11: 9.402803 | P11: 9.121395 | Q11: 9.0643 | R11: 9.109975 | S11: 9.531602 | T11: 8.926778 | U11: 9.525772 | V11: 8.768047 | W11: 9.337032 | X11: 8.659769 | Y11: 9.362439 | Z11: 8.574359 | AA11: 9.164089 | AB11: 9.087661 | AC11: 9.1523 | AD11: 9.708194 | AE11: 9.983617
A12: 767011 | B12: 649.56256 | C12: 641.04393 | D12: 644.78325 | E12: 643.56201 | F12: 640.35113 | G12: 662.44962 | H12: 639.65713 | I12: 645.86472 | J12: 650.93246 | K12: 628.23749 | L12: 628.82948 | M12: 632.59617 | N12: 641.60855 | O12: 647.74452 | P12: 664.31163 | Q12: 644.30595 | R12: 632.11233 | S12: 621.67307 | T12: 642.62297 | U12: 623.69388 | V12: 630.69505 | W12: 627.768 | X12: 616.78671 | Y12: 618.09297 | Z12: 622.84439 | AA12: 645.0018 | AB12: 647.59355 | AC12: 655.61447 | AD12: 661.21161 | AE12: 638.48068
A13: 767042 | B13: 319.05141 | C13: 323.06094 | D13: 318.24873 | E13: 314.22819 | F13: 319.043 | G13: 319.26765 | H13: 322.9764 | I13: 312.23943 | J13: 325.21092 | K13: 330.79245 | L13: 320.5176 | M13: 328.36014 | N13: 330.82898 | O13: 317.13054 | P13: 312.06917 | Q13: 318.75483 | R13: 324.93375 | S13: 314.894 | T13: 317.10461 | U13: 317.52053 | V13: 312.3497 | W13: 318.54962 | X13: 319.18215 | Y13: 315.71834 | Z13: 315.60004 | AA13: 317.62273 | AB13: 313.17041 | AC13: 322.0122 | AD13: 318.70896 | AE13: 310.01677
A14: 767102 | B14: 155.84288 | C14: 162.7454 | D14: 159.10897 | E14: 170.2018 | F14: 164.6883 | G14: 161.06602 | H14: 163.22762 | I14: 162.22147 | J14: 157.75226 | K14: 156.70001 | L14: 155.74945 | M14: 154.15979 | N14: 160.14763 | O14: 156.64916 | P14: 155.80802 | Q14: 167.12335 | R14: 156.36265 | S14: 157.73662 | T14: 155.50313 | U14: 152.73186 | V14: 157.42992 | W14: 150.44483 | X14: 153.05047 | Y14: 163.70882 | Z14: 160.39062 | AA14: 150.28579 | AB14: 158.13381 | AC14: 156.39414 | AD14: 155.83022 | AE14: 156.88491
A15: 767224 | B15: 157.0811 | C15: 154.22985 | D15: 153.19746 | E15: 157.57905 | F15: 155.54699 | G15: 151.24718 | H15: 156.79168 | I15: 156.66133 | J15: 158.00929 | K15: 157.53243 | L15: 155.65042 | M15: 155.69459 | N15: 156.18114 | O15: 159.47557 | P15: 164.07888 | Q15: 163.71203 | R15: 160.34313 | S15: 159.72887 | T15: 156.78104 | U15: 157.3278 | V15: 153.97927 | W15: 150.90559 | X15: 154.1266 | Y15: 153.35296 | Z15: 156.12413 | AA15: 153.74723 | AB15: 154.97488 | AC15: 153.42307 | AD15: 155.84323 | AE15: 158.91099
A16: 4000-16 | B16: 166.22891 | C16: 160.81166 | D16: 159.23406 | E16: 157.49964 | F16: 155.42814 | G16: 156.41804 | H16: 154.48212 | I16: 158.66226 | J16: 153.11708 | K16: 151.3384 | L16: 157.8149 | M16: 157.43476 | N16: 158.5566 | O16: 157.43775 | P16: 159.64234 | Q16: 155.40777 | R16: 155.87625 | S16: 159.01193 | T16: 150.72923 | U16: 154.57035 | V16: 155.07534 | W16: 159.87976 | X16: 156.14452 | Y16: 155.09148 | Z16: 151.06723 | AA16: 165.53113 | AB16: 164.76506 | AC16: 156.79974 | AD16: 160.56716 | AE16: 159.28662

Sheet DATOS_PC_4_Fork
A1: Configuracion | B1: Iter1 | C1: Iter2 | D1: Iter3 | E1: Iter4 | F1: Iter5 | G1: Iter6 | H1: Iter7 | I1: Iter8 | J1: Iter9 | K1: Iter10 | L1: Iter11 | M1: Iter12 | N1: Iter13 | O1: Iter14 | P1: Iter15 | Q1: Iter16 | R1: Iter17 | S1: Iter18 | T1: Iter19 | U1: Iter20 | V1: Iter21 | W1: Iter22 | X1: Iter23 | Y1: Iter24 | Z1: Iter25 | AA1: Iter26 | AB1: Iter27 | AC1: Iter28 | AD1: Iter29 | AE1: Iter30
A2: 1000-1 | B2: 6.419444 | C2: 6.639305 | D2: 6.651617 | E2: 6.650489 | F2: 6.559103 | G2: 6.666126 | H2: 6.328418 | I2: 6.658221 | J2: 6.21079 | K2: 6.585593 | L2: 6.32753 | M2: 6.32666 | N2: 7.778375 | O2: 7.691211 | P2: 7.590344 | Q2: 9.008189 | R2: 9.185719 | S2: 9.765053 | T2: 9.196903 | U2: 8.122765 | V2: 9.044643 | W2: 7.505961 | X2: 7.856015 | Y2: 7.53541 | Z2: 7.363671 | AA2: 7.472465 | AB2: 7.486248 | AC2: 8.058267 | AD2: 7.483986 | AE2: 7.491219
A3: 1000-2 | B3: 3.796719 | C3: 3.704344 | D3: 3.543573 | E3: 3.676634 | F3: 3.647828 | G3: 3.569534 | H3: 3.63743 | I3: 3.584465 | J3: 3.496141 | K3: 3.438652 | L3: 3.665536 | M3: 3.643568 | N3: 3.586993 | O3: 3.406849 | P3: 3.431298 | Q3: 3.413836 | R3: 3.649551 | S3: 3.627787 | T3: 3.420111 | U3: 3.571111 | V3: 3.516835 | W3: 3.698733 | X3: 3.394149 | Y3: 3.618646 | Z3: 3.663087 | AA3: 3.613273 | AB3: 3.538497 | AC3: 3.622227 | AD3: 3.707121 | AE3: 3.649434
A4: 1000-4 | B4: 1.620083 | C4: 1.606233 | D4: 1.616059 | E4: 1.653295 | F4: 1.60387 | G4: 1.64222 | H4: 1.601944 | I4: 1.632923 | J4: 1.878233 | K4: 1.613482 | L4: 1.629256 | M4: 1.655611 | N4: 1.658498 | O4: 1.633507 | P4: 1.648319 | Q4: 1.608188 | R4: 1.613264 | S4: 1.624028 | T4: 1.602837 | U4: 1.601658 | V4: 1.658615 | W4: 1.636071 | X4: 1.643608 | Y4: 1.608925 | Z4: 1.653895 | AA4: 1.603314 | AB4: 1.645403 | AC4: 1.606604 | AD4: 1.648497 | AE4: 1.609917
A5: 1000-8 | B5: 1.90669 | C5: 1.859309 | D5: 1.846434 | E5: 1.931653 | F5: 1.913057 | G5: 1.862073 | H5: 1.940345 | I5: 1.842192 | J5: 1.88099 | K5: 1.825207 | L5: 1.915153 | M5: 1.795367 | N5: 1.854315 | O5: 1.813874 | P5: 1.876165 | Q5: 1.853612 | R5: 1.835226 | S5: 1.87854 | T5: 1.785518 | U5: 1.847637 | V5: 1.774136 | W5: 1.876717 | X5: 1.778761 | Y5: 1.922292 | Z5: 1.854748 | AA5: 1.853704 | AB5: 1.841025 | AC5: 1.894654 | AD5: 1.87812 | AE5: 1.929653
A6: 1000-16 | B6: 1.638532 | C6: 1.743393 | D6: 1.780472 | E6: 1.670084 | F6: 1.711141 | G6: 1.723223 | H6: 1.691317 | I6: 1.699823 | J6: 1.755301 | K6: 1.710434 | L6: 1.741898 | M6: 1.789547 | N6: 1.695427 | O6: 1.696751 | P6: 1.696202 | Q6: 1.676476 | R6: 1.740265 | S6: 1.720428 | T6: 1.66891 | U6: 1.714813 | V6: 1.715626 | W6: 1.695792 | X6: 1.760768 | Y6: 1.694499 | Z6: 1.708296 | AA6: 1.692155 | AB6: 1.674792 | AC6: 1.698573 | AD6: 1.725069 | AE6: 1.673031
A7: 36526 | B7: 86.082423 | C7: 84.551274 | D7: 85.821563 | E7: 85.575673 | F7: 86.168874 | G7: 84.040677 | H7: 84.17595 | I7: 85.241161 | J7: 85.354904 | K7: 85.595363 | L7: 84.865392 | M7: 85.742066 | N7: 86.172922 | O7: 84.912134 | P7: 84.746231 | Q7: 84.459127 | R7: 84.797682 | S7: 86.067262 | T7: 84.762857 | U7: 83.598348 | V7: 83.556996 | W7: 84.822689 | X7: 85.26675 | Y7: 84.341215 | Z7: 84.974591 | AA7: 84.547996 | AB7: 85.448742 | AC7: 84.829421 | AD7: 84.211675 | AE7: 85.678648
A8: 36557 | B8: 38.783182 | C8: 37.525726 | D8: 38.57559 | E8: 36.542501 | F8: 37.512884 | G8: 41.30552 | H8: 39.14561 | I8: 36.826104 | J8: 37.057029 | K8: 38.864716 | L8: 36.713333 | M8: 40.40255 | N8: 37.751124 | O8: 39.597587 | P8: 37.283073 | Q8: 38.252601 | R8: 37.896814 | S8: 39.595192 | T8: 39.373341 | U8: 37.690785 | V8: 38.441588 | W8: 38.171994 | X8: 38.285721 | Y8: 38.001331 | Z8: 37.882204 | AA8: 38.785434 | AB8: 37.204311 | AC8: 36.675955 | AD8: 39.884422 | AE8: 37.211554
A9: 36617 | B9: 16.120454 | C9: 16.113971 | D9: 16.042404 | E9: 16.914149 | F9: 16.21855 | G9: 16.200457 | H9: 16.056567 | I9: 16.337681 | J9: 16.319167 | K9: 16.136009 | L9: 16.147291 | M9: 16.092691 | N9: 16.089401 | O9: 16.234057 | P9: 16.212794 | Q9: 16.422055 | R9: 16.015206 | S9: 16.119655 | T9: 16.122857 | U9: 16.513071 | V9: 16.192259 | W9: 16.408234 | X9: 16.279706 | Y9: 16.565125 | Z9: 16.161225 | AA9: 16.868883 | AB9: 16.257169 | AC9: 17.504233 | AD9: 17.732717 | AE9: 17.266866
A10: 36739 | B10: 22.229175 | C10: 21.929484 | D10: 22.474923 | E10: 22.737927 | F10: 22.195673 | G10: 22.363426 | H10: 21.908849 | I10: 22.044803 | J10: 22.753231 | K10: 22.404851 | L10: 22.259054 | M10: 22.415739 | N10: 22.291501 | O10: 22.719629 | P10: 22.769866 | Q10: 22.114499 | R10: 22.162198 | S10: 22.50299 | T10: 22.430388 | U10: 22.825332 | V10: 22.257258 | W10: 22.079414 | X10: 22.304034 | Y10: 22.495763 | Z10: 22.433216 | AA10: 22.194547 | AB10: 22.298872 | AC10: 21.921134 | AD10: 22.093862 | AE10: 22.252095
A11: 2000-16 | B11: 21.475115 | C11: 21.346068 | D11: 21.386151 | E11: 21.622007 | F11: 21.770446 | G11: 21.679907 | H11: 21.81694 | I11: 21.486519 | J11: 21.583677 | K11: 21.559965 | L11: 21.385057 | M11: 21.825955 | N11: 21.530287 | O11: 21.549797 | P11: 21.749336 | Q11: 21.522631 | R11: 21.547002 | S11: 21.357576 | T11: 21.596871 | U11: 21.395178 | V11: 21.4373 | W11: 21.616676 | X11: 21.523966 | Y11: 21.386269 | Z11: 21.576918 | AA11: 21.507072 | AB11: 21.503049 | AC11: 21.624006 | AD11: 21.739939 | AE11: 22.198094
A12: 767011 | B12: 1019.2723 | C12: 983.58958 | D12: 980.99918 | E12: 971.95925 | F12: 960.98396 | G12: 975.30495 | H12: 960.5693 | I12: 966.3872 | J12: 963.47192 | K12: 965.75413 | L12: 957.30209 | M12: 956.47588 | N12: 952.67283 | O12: 964.12069 | P12: 965.18046 | Q12: 967.49927 | R12: 971.30616 | S12: 965.25339 | T12: 978.49419 | U12: 956.94078 | V12: 955.80578 | W12: 958.74036 | X12: 952.74893 | Y12: 960.61895 | Z12: 968.64463 | AA12: 962.35866 | AB12: 965.16659 | AC12: 960.70626 | AD12: 961.97063 | AE12: 964.11358
A13: 767042 | B13: 389.32318 | C13: 406.15379 | D13: 397.67846 | E13: 392.76202 | F13: 417.66606 | G13: 390.38571 | H13: 398.13038 | I13: 392.1472 | J13: 405.3676 | K13: 398.55911 | L13: 401.25414 | M13: 394.89413 | N13: 409.05961 | O13: 397.65693 | P13: 391.03796 | Q13: 387.49008 | R13: 399.66208 | S13: 408.53283 | T13: 405.95593 | U13: 392.44091 | V13: 391.21328 | W13: 407.21371 | X13: 408.38122 | Y13: 395.07758 | Z13: 391.40893 | AA13: 395.04436 | AB13: 395.27067 | AC13: 397.32043 | AD13: 411.50993 | AE13: 387.75814
A14: 767102 | B14: 190.60116 | C14: 186.62733 | D14: 186.69692 | E14: 187.83554 | F14: 190.77674 | G14: 188.3697 | H14: 189.46359 | I14: 190.00296 | J14: 191.33707 | K14: 191.76712 | L14: 192.07699 | M14: 193.20551 | N14: 191.33022 | O14: 190.78501 | P14: 190.43577 | Q14: 193.67467 | R14: 192.81325 | S14: 191.40567 | T14: 189.8039 | U14: 190.68225 | V14: 192.63029 | W14: 191.00856 | X14: 190.08991 | Y14: 189.79019 | Z14: 192.32857 | AA14: 189.68297 | AB14: 190.93443 | AC14: 189.9287 | AD14: 190.65779 | AE14: 191.16165
A15: 767224 | B15: 233.81906 | C15: 233.45466 | D15: 232.50265 | E15: 231.54394 | F15: 232.01759 | G15: 232.11456 | H15: 230.40531 | I15: 232.04325 | J15: 231.67409 | K15: 233.81769 | L15: 233.68805 | M15: 233.53172 | N15: 233.21215 | O15: 233.04953 | P15: 231.31941 | Q15: 233.08454 | R15: 233.89129 | S15: 233.48911 | T15: 231.56429 | U15: 233.90294 | V15: 232.93947 | W15: 230.94682 | X15: 233.74645 | Y15: 231.94959 | Z15: 231.53772 | AA15: 230.75154 | AB15: 232.07298 | AC15: 232.4235 | AD15: 234.62509 | AE15: 232.34832
A16: 4000-16 | B16: 268.59471 | C16: 267.36381 | D16: 268.1555 | E16: 273.4051 | F16: 268.53934 | G16: 267.57027 | H16: 268.46015 | I16: 267.95927 | J16: 267.39093 | K16: 267.747 | L16: 269.0106 | M16: 267.61211 | N16: 267.23378 | O16: 267.5964 | P16: 268.44561 | Q16: 267.76536 | R16: 268.59607 | S16: 268.33501 | T16: 267.43136 | U16: 268.86449 | V16: 269.15524 | W16: 268.37509 | X16: 268.30374 | Y16: 268.59217 | Z16: 268.32551 | AA16: 268.22934 | AB16: 268.56212 | AC16: 268.54647 | AD16: 268.07458 | AE16: 267.61166

Sheet DATOS_PC_4_Posix
A1: Configuracion | B1: Iter1 | C1: Iter2 | D1: Iter3 | E1: Iter4 | F1: Iter5 | G1: Iter6 | H1: Iter7 | I1: Iter8 | J1: Iter9 | K1: Iter10 | L1: Iter11 | M1: Iter12 | N1: Iter13 | O1: Iter14 | P1: Iter15 | Q1: Iter16 | R1: Iter17 | S1: Iter18 | T1: Iter19 | U1: Iter20 | V1: Iter21 | W1: Iter22 | X1: Iter23 | Y1: Iter24 | Z1: Iter25 | AA1: Iter26 | AB1: Iter27 | AC1: Iter28 | AD1: Iter29 | AE1: Iter30
A2: 1000-1 | B2: 7.413243 | C2: 7.655591 | D2: 8.399941 | E2: 8.112817 | F2: 8.247384 | G2: 7.575308 | H2: 7.631989 | I2: 7.545448 | J2: 7.427982 | K2: 7.413024 | L2: 7.398316 | M2: 8.489804 | N2: 7.905305 | O2: 7.529739 | P2: 7.718053 | Q2: 7.350501 | R2: 8.147351 | S2: 7.624786 | T2: 7.592013 | U2: 7.679243 | V2: 7.510129 | W2: 7.30498 | X2: 7.607748 | Y2: 7.663551 | Z2: 7.729345 | AA2: 7.36448 | AB2: 7.317228 | AC2: 7.461681 | AD2: 7.418032 | AE2: 7.372096
A3: 1000-2 | B3: 3.513457 | C3: 3.554894 | D3: 3.632392 | E3: 3.515869 | F3: 3.420231 | G3: 3.624743 | H3: 3.740442 | I3: 3.688966 | J3: 3.777102 | K3: 3.657574 | L3: 3.548842 | M3: 3.381654 | N3: 3.558245 | O3: 3.521021 | P3: 3.766001 | Q3: 3.628217 | R3: 3.59876 | S3: 3.699234 | T3: 3.688665 | U3: 3.522245 | V3: 3.587364 | W3: 3.605903 | X3: 3.719727 | Y3: 3.402821 | Z3: 3.630679 | AA3: 3.679513 | AB3: 3.609222 | AC3: 3.40596 | AD3: 3.883845 | AE3: 3.623694
A4: 1000-4 | B4: 1.666968 | C4: 1.934456 | D4: 1.623078 | E4: 1.628928 | F4: 1.645903 | G4: 1.634328 | H4: 1.661249 | I4: 1.597271 | J4: 1.60427 | K4: 1.617232 | L4: 1.645182 | M4: 1.879415 | N4: 1.61972 | O4: 1.594395 | P4: 1.615864 | Q4: 1.611134 | R4: 1.610774 | S4: 1.605132 | T4: 1.603723 | U4: 1.60842 | V4: 1.608151 | W4: 1.61609 | X4: 1.591459 | Y4: 1.589257 | Z4: 1.597234 | AA4: 1.598378 | AB4: 1.620424 | AC4: 1.624821 | AD4: 1.587167 | AE4: 1.597804
A5: 1000-8 | B5: 1.930338 | C5: 1.847968 | D5: 2.05271 | E5: 1.938793 | F5: 1.893117 | G5: 1.911026 | H5: 1.953054 | I5: 1.896971 | J5: 1.911331 | K5: 1.876138 | L5: 1.906811 | M5: 1.88364 | N5: 1.87079 | O5: 1.884262 | P5: 1.921721 | Q5: 1.889807 | R5: 1.911472 | S5: 2.347447 | T5: 1.902518 | U5: 1.824397 | V5: 1.821685 | W5: 1.852041 | X5: 1.893465 | Y5: 1.924385 | Z5: 1.884248 | AA5: 1.897595 | AB5: 1.887904 | AC5: 1.87944 | AD5: 1.835962 | AE5: 1.815675
A6: 1000-16 | B6: 1.674198 | C6: 1.668296 | D6: 1.725595 | E6: 1.759382 | F6: 1.756045 | G6: 1.752329 | H6: 1.714233 | I6: 1.647665 | J6: 1.670619 | K6: 1.648152 | L6: 1.683025 | M6: 1.737352 | N6: 1.646134 | O6: 1.663263 | P6: 1.650059 | Q6: 1.683083 | R6: 1.646721 | S6: 1.6725 | T6: 1.714742 | U6: 1.657624 | V6: 1.67909 | W6: 1.685913 | X6: 1.720899 | Y6: 1.675591 | Z6: 1.650588 | AA6: 1.655908 | AB6: 1.683372 | AC6: 1.664617 | AD6: 1.638346 | AE6: 1.640822
A7: 36526 | B7: 85.232048 | C7: 84.883685 | D7: 84.639166 | E7: 84.359542 | F7: 86.256336 | G7: 85.113285 | H7: 86.090633 | I7: 84.423496 | J7: 86.140049 | K7: 86.050326 | L7: 85.450715 | M7: 86.077636 | N7: 83.235293 | O7: 83.16932 | P7: 85.070289 | Q7: 84.421529 | R7: 82.736414 | S7: 83.627311 | T7: 85.582504 | U7: 83.229489 | V7: 83.613916 | W7: 84.456077 | X7: 85.258506 | Y7: 83.335375 | Z7: 84.456788 | AA7: 83.743423 | AB7: 83.8648 | AC7: 83.786187 | AD7: 83.644824 | AE7: 84.313944
A8: 36557 | B8: 39.443482 | C8: 36.847453 | D8: 38.674517 | E8: 40.305222 | F8: 39.874444 | G8: 37.413655 | H8: 37.163846 | I8: 37.430362 | J8: 39.124988 | K8: 37.996048 | L8: 37.2786 | M8: 36.871645 | N8: 38.815879 | O8: 36.827705 | P8: 36.583889 | Q8: 37.376635 | R8: 37.707708 | S8: 37.612303 | T8: 38.153641 | U8: 38.00948 | V8: 39.868905 | W8: 40.821244 | X8: 38.33397 | Y8: 37.414209 | Z8: 38.356406 | AA8: 37.397924 | AB8: 36.273283 | AC8: 35.963137 | AD8: 38.131726 | AE8: 36.59493
A9: 36617 | B9: 16.154829 | C9: 16.144868 | D9: 16.345325 | E9: 16.279 | F9: 16.300429 | G9: 16.59447 | H9: 16.124593 | I9: 16.697119 | J9: 17.02186 | K9: 16.654201 | L9: 16.368506 | M9: 16.106682 | N9: 16.124837 | O9: 16.348156 | P9: 16.842087 | Q9: 16.414949 | R9: 16.308977 | S9: 17.034802 | T9: 16.440057 | U9: 16.783884 | V9: 16.114962 | W9: 16.559934 | X9: 16.468262 | Y9: 17.692004 | Z9: 16.29544 | AA9: 16.327538 | AB9: 16.221983 | AC9: 16.42203 | AD9: 16.101492 | AE9: 16.348628
A10: 36739 | B10: 21.340121 | C10: 21.657451 | D10: 21.60979 | E10: 21.728506 | F10: 21.412616 | G10: 21.728932 | H10: 21.749453 | I10: 21.364119 | J10: 21.847729 | K10: 21.741321 | L10: 21.78543 | M10: 21.506457 | N10: 21.552417 | O10: 21.965023 | P10: 21.807512 | Q10: 21.661618 | R10: 21.804389 | S10: 21.815305 | T10: 22.20153 | U10: 21.649589 | V10: 21.553541 | W10: 21.762276 | X10: 21.742029 | Y10: 21.552179 | Z10: 21.568327 | AA10: 21.725064 | AB10: 21.524848 | AC10: 21.241034 | AD10: 21.554791 | AE10: 21.353382
A11: 2000-16 | B11: 20.584149 | C11: 20.740092 | D11: 20.955599 | E11: 20.801019 | F11: 20.630069 | G11: 20.605528 | H11: 21.724488 | I11: 20.631806 | J11: 20.68029 | K11: 20.741351 | L11: 20.631129 | M11: 20.734808 | N11: 20.632155 | O11: 20.602375 | P11: 21.377384 | Q11: 20.587769 | R11: 20.990427 | S11: 20.773048 | T11: 20.647619 | U11: 20.605836 | V11: 20.633475 | W11: 20.868264 | X11: 21.075332 | Y11: 21.170353 | Z11: 20.527495 | AA11: 20.973185 | AB11: 20.893134 | AC11: 20.683158 | AD11: 20.644761 | AE11: 20.55401
A12: 767011 | B12: 1025.9182 | C12: 986.11494 | D12: 970.83468 | E12: 969.65964 | F12: 975.23727 | G12: 976.47523 | H12: 964.01505 | I12: 965.39349 | J12: 966.77178 | K12: 966.54453 | L12: 969.3015 | M12: 966.12262 | N12: 967.98775 | O12: 963.93809 | P12: 960.46914 | Q12: 960.03455 | R12: 958.73471 | S12: 956.52082 | T12: 971.993 | U12: 961.87243 | V12: 959.5351 | W12: 963.63774 | X12: 969.81539 | Y12: 1004.1127 | Z12: 963.80311 | AA12: 961.2974 | AB12: 961.4167 | AC12: 955.76296 | AD12: 960.45747 | AE12: 955.40991
A13: 767042 | B13: 433.64635 | C13: 433.51875 | D13: 440.515 | E13: 436.19851 | F13: 433.64503 | G13: 420.506 | H13: 434.4033 | I13: 429.29248 | J13: 437.65331 | K13: 423.79262 | L13: 441.54935 | M13: 413.79266 | N13: 435.73777 | O13: 430.02119 | P13: 436.13137 | Q13: 453.45322 | R13: 441.86432 | S13: 425.47244 | T13: 435.34817 | U13: 421.61811 | V13: 422.40436 | W13: 434.69773 | X13: 431.55848 | Y13: 430.2443 | Z13: 427.34752 | AA13: 425.25009 | AB13: 426.73784 | AC13: 425.83756 | AD13: 444.92257 | AE13: 454.09659
A14: 767102 | B14: 203.74315 | C14: 200.50397 | D14: 197.88802 | E14: 198.84684 | F14: 198.60959 | G14: 200.325 | H14: 202.23328 | I14: 200.28735 | J14: 200.83321 | K14: 202.70636 | L14: 200.36539 | M14: 203.44928 | N14: 202.47115 | O14: 203.49902 | P14: 200.85488 | Q14: 199.77458 | R14: 200.75202 | S14: 201.19619 | T14: 198.88206 | U14: 198.49636 | V14: 200.2906 | W14: 200.28523 | X14: 199.54158 | Y14: 197.82556 | Z14: 199.72622 | AA14: 201.01014 | AB14: 202.38732 | AC14: 201.6615 | AD14: 200.43702 | AE14: 199.70935
A15: 767224 | B15: 217.51367 | C15: 214.76004 | D15: 215.22068 | E15: 220.43214 | F15: 217.61533 | G15: 216.50316 | H15: 218.17944 | I15: 216.82357 | J15: 216.70897 | K15: 221.33708 | L15: 218.73604 | M15: 216.82737 | N15: 220.58246 | O15: 216.40782 | P15: 220.26884 | Q15: 218.15466 | R15: 217.5823 | S15: 217.66642 | T15: 218.91383 | U15: 217.286 | V15: 218.29799 | W15: 214.55836 | X15: 218.83534 | Y15: 217.48656 | Z15: 218.12127 | AA15: 219.13748 | AB15: 220.98278 | AC15: 217.81536 | AD15: 218.37057 | AE15: 217.94103
A16: 4000-16 | B16: 250.49819 | C16: 247.75515 | D16: 246.37358 | E16: 245.23329 | F16: 245.95092 | G16: 247.12313 | H16: 247.31295 | I16: 245.77731 | J16: 246.92278 | K16: 246.55837 | L16: 246.74106 | M16: 248.65069 | N16: 244.78867 | O16: 248.38012 | P16: 248.57286 | Q16: 252.34802 | R16: 244.52933 | S16: 252.72301 | T16: 247.22283 | U16: 254.99046 | V16: 250.10682 | W16: 253.08477 | X16: 255.07154 | Y16: 249.56681 | Z16: 247.30406 | AA16: 245.464 | AB16: 246.47971 | AC16: 250.365 | AD16: 247.5399 | AE16: 246.57488

Sheet DATOS_PC_4_OpenMP
A1: Configuracion | B1: Iter1 | C1: Iter2 | D1: Iter3 | E1: Iter4 | F1: Iter5 | G1: Iter6 | H1: Iter7 | I1: Iter8 | J1: Iter9 | K1: Iter10 | L1: Iter11 | M1: Iter12 | N1: Iter13 | O1: Iter14 | P1: Iter15 | Q1: Iter16 | R1: Iter17 | S1: Iter18 | T1: Iter19 | U1: Iter20 | V1: Iter21 | W1: Iter22 | X1: Iter23 | Y1: Iter24 | Z1: Iter25 | AA1: Iter26 | AB1: Iter27 | AC1: Iter28 | AD1: Iter29 | AE1: Iter30
A2: 1000-1 | B2: 3.200791 | C2: 3.295901 | D2: 3.184325 | E2: 3.228747 | F2: 3.176391 | G2: 3.185089 | H2: 3.167057 | I2: 3.206668 | J2: 3.126545 | K2: 3.098752 | L2: 3.176978 | M2: 3.112738 | N2: 3.177326 | O2: 3.141182 | P2: 3.104782 | Q2: 3.226643 | R2: 3.208438 | S2: 3.072834 | T2: 3.13909 | U2: 3.06781 | V2: 3.29526 | W2: 3.209019 | X2: 3.107375 | Y2: 3.471301 | Z2: 3.103953 | AA2: 3.14372 | AB2: 3.20877 | AC2: 3.197885 | AD2: 3.239499 | AE2: 3.403882
A3: 1000-2 | B3: 1.567099 | C3: 1.569461 | D3: 1.551387 | E3: 1.559252 | F3: 1.529696 | G3: 1.534467 | H3: 1.505015 | I3: 1.537267 | J3: 1.538621 | K3: 1.522894 | L3: 1.497258 | M3: 1.512255 | N3: 1.515197 | O3: 1.514614 | P3: 1.540369 | Q3: 1.512146 | R3: 1.496848 | S3: 1.509463 | T3: 1.507877 | U3: 1.513724 | V3: 1.528141 | W3: 1.536303 | X3: 1.524228 | Y3: 1.543436 | Z3: 1.495401 | AA3: 1.536425 | AB3: 1.53927 | AC3: 1.525555 | AD3: 1.552986 | AE3: 1.538109
A4: 1000-4 | B4: 0.707923 | C4: 0.712556 | D4: 0.720688 | E4: 0.710083 | F4: 0.710093 | G4: 0.758479 | H4: 0.715798 | I4: 0.708112 | J4: 0.729307 | K4: 0.70785 | L4: 0.708028 | M4: 0.8213 | N4: 0.710908 | O4: 0.706047 | P4: 0.707199 | Q4: 0.709264 | R4: 0.71156 | S4: 0.703428 | T4: 0.708924 | U4: 0.70694 | V4: 0.713158 | W4: 0.80194 | X4: 0.73337 | Y4: 0.707245 | Z4: 0.707696 | AA4: 0.707741 | AB4: 0.706699 | AC4: 0.705767 | AD4: 0.705109 | AE4: 0.705671
A5: 1000-8 | B5: 1.161581 | C5: 1.175279 | D5: 1.136421 | E5: 1.074709 | F5: 1.105366 | G5: 1.124446 | H5: 1.128962 | I5: 1.174875 | J5: 1.195473 | K5: 1.139609 | L5: 1.214959 | M5: 1.118608 | N5: 1.154122 | O5: 1.151144 | P5: 1.17159 | Q5: 1.104125 | R5: 1.135615 | S5: 1.123672 | T5: 1.142052 | U5: 1.172323 | V5: 1.12669 | W5: 1.134522 | X5: 1.117154 | Y5: 1.111967 | Z5: 1.141295 | AA5: 1.172642 | AB5: 1.226116 | AC5: 1.203384 | AD5: 1.178688 | AE5: 1.210606
A6: 1000-16 | B6: 1.052786 | C6: 1.031395 | D6: 1.061422 | E6: 1.003572 | F6: 1.020585 | G6: 1.097716 | H6: 1.020785 | I6: 1.091514 | J6: 1.069529 | K6: 1.047505 | L6: 1.025444 | M6: 1.078414 | N6: 1.054577 | O6: 1.132105 | P6: 1.063998 | Q6: 1.106871 | R6: 1.042792 | S6: 1.08516 | T6: 1.044672 | U6: 1.062701 | V6: 1.049587 | W6: 1.059917 | X6: 1.051234 | Y6: 1.080031 | Z6: 1.055175 | AA6: 1.057045 | AB6: 1.042157 | AC6: 1.029917 | AD6: 1.060979 | AE6: 1.050184
A7: 36526 | B7: 52.240741 | C7: 52.301226 | D7: 56.516538 | E7: 57.273132 | F7: 55.206358 | G7: 57.439342 | H7: 55.423158 | I7: 55.474499 | J7: 57.312513 | K7: 56.927405 | L7: 58.056594 | M7: 52.958634 | N7: 55.500997 | O7: 57.303797 | P7: 59.249838 | Q7: 55.716113 | R7: 54.043769 | S7: 57.490641 | T7: 58.24398 | U7: 53.59972 | V7: 54.775367 | W7: 55.090923 | X7: 54.957546 | Y7: 56.853287 | Z7: 53.527573 | AA7: 55.054645 | AB7: 58.833482 | AC7: 55.302793 | AD7: 57.337527 | AE7: 59.512375
A8: 36557 | B8: 25.877792 | C8: 24.31143 | D8: 25.559716 | E8: 24.399177 | F8: 25.806545 | G8: 24.740853 | H8: 25.882096 | I8: 26.064881 | J8: 25.893834 | K8: 25.333974 | L8: 25.993171 | M8: 24.586877 | N8: 25.416598 | O8: 26.154645 | P8: 25.25533 | Q8: 25.54815 | R8: 24.70594 | S8: 24.198617 | T8: 25.624183 | U8: 24.581394 | V8: 25.995123 | W8: 24.612066 | X8: 24.307953 | Y8: 23.805316 | Z8: 25.567098 | AA8: 24.725808 | AB8: 26.769512 | AC8: 24.879191 | AD8: 23.564699 | AE8: 22.99288
A9: 36617 | B9: 10.005186 | C9: 10.602018 | D9: 10.9891 | E9: 11.316939 | F9: 10.744156 | G9: 10.493125 | H9: 10.197323 | I9: 10.917307 | J9: 10.291474 | K9: 10.032351 | L9: 11.170944 | M9: 10.498955 | N9: 9.906006 | O9: 9.882387 | P9: 10.92459 | Q9: 9.994712 | R9: 10.624618 | S9: 9.802205 | T9: 11.21296 | U9: 10.089566 | V9: 10.850482 | W9: 10.585997 | X9: 10.609991 | Y9: 10.23392 | Z9: 10.265051 | AA9: 11.113592 | AB9: 10.832887 | AC9: 11.363476 | AD9: 10.503859 | AE9: 10.164124
A10: 36739 | B10: 22.242482 | C10: 22.28512 | D10: 21.869252 | E10: 22.222287 | F10: 22.008897 | G10: 22.009395 | H10: 22.162132 | I10: 22.127367 | J10: 22.136012 | K10: 22.233394 | L10: 22.114717 | M10: 22.20909 | N10: 22.180122 | O10: 22.257875 | P10: 22.187497 | Q10: 22.197685 | R10: 22.053767 | S10: 22.261954 | T10: 22.316109 | U10: 22.183983 | V10: 22.2191 | W10: 22.266215 | X10: 22.247563 | Y10: 22.331749 | Z10: 22.187864 | AA10: 22.253332 | AB10: 22.215158 | AC10: 22.150476 | AD10: 22.152321 | AE10: 22.131795
